CINNumber,FileName,DownloadFileStatus,FilePath
L17110MH1973PLC019786,Copy(s) of resolutio_21_11_2023_21_11_2023,Success,Reports\L17110MH1973PLC019786\Other eForm Documents\Copy(s) of resolutio_21_11_2023_21_11_2023_217246.pdf
L17110MH1973PLC019786,Optional attachment(_21_11_2023_21_11_2023,Success,Reports\L17110MH1973PLC019786\Other eForm Documents\Optional attachment(_21_11_2023_21_11_2023_120646.pdf
L17110MH1973PLC019786,Optional attachment(_21_11_2023_21_11_2023,Success,Reports\L17110MH1973PLC019786\Other eForm Documents\Optional attachment(_21_11_2023_21_11_2023_197321.pdf
L17110MH1973PLC019786,Form MGT-14_21_11_2023_21_11_2023,Success,Reports\L17110MH1973PLC019786\Other eForm Documents\Form MGT-14_21_11_2023_21_11_2023_161255.pdf
L17110MH1973PLC019786,Copy(s) of resolutio_20_11_2023_20_11_2023,Success,Reports\L17110MH1973PLC019786\Other eForm Documents\Copy(s) of resolutio_20_11_2023_20_11_2023_808938.pdf
L17110MH1973PLC019786,Form MGT-14_20_11_2023_20_11_2023,Success,Reports\L17110MH1973PLC019786\Other eForm Documents\Form MGT-14_20_11_2023_20_11_2023_266212.pdf
L17110MH1973PLC019786,Form MGT-14_20_11_2023_20_11_2023,Success,Reports\L17110MH1973PLC019786\Other eForm Documents\Form MGT-14_20_11_2023_20_11_2023_191095.pdf
L17110MH1973PLC019786,Optional attachment(s)- if any_10_11_2023_10_11_2023,Success,Reports\L17110MH1973PLC019786\Other eForm Documents\Optional attachment(s)- if any_10_11_2023_10_11_2023_796006.pdf
L17110MH1973PLC019786,Optional attachment(s)- if any_10_11_2023_10_11_2023,Success,Reports\L17110MH1973PLC019786\Other eForm Documents\Optional attachment(s)- if any_10_11_2023_10_11_2023_697071.pdf
L17110MH1973PLC019786,Optional attachment(s)- if any_10_11_2023_10_11_2023,Success,Reports\L17110MH1973PLC019786\Other eForm Documents\Optional attachment(s)- if any_10_11_2023_10_11_2023_250647.pdf
L17110MH1973PLC019786,Optional attachment(s)- if any_10_11_2023_10_11_2023,Success,Reports\L17110MH1973PLC019786\Other eForm Documents\Optional attachment(s)- if any_10_11_2023_10_11_2023_236972.pdf
L17110MH1973PLC019786,Form PAS-3_10_11_2023_10_11_2023,Success,Reports\L17110MH1973PLC019786\Other eForm Documents\Form PAS-3_10_11_2023_10_11_2023_254175.pdf
L17110MH1973PLC019786,CERTIFICATE OF REGIS_10_11_2023_10_11_2023,Success,Reports\L17110MH1973PLC019786\Certificates\CERTIFICATE OF REGIS_10_11_2023_10_11_2023_101170.pdf
L17110MH1973PLC019786,Form CHG-9_10_11_2023_10_11_2023,Success,Reports\L17110MH1973PLC019786\Charge Documents\Form CHG-9_10_11_2023_10_11_2023_279927.pdf
L17110MH1973PLC019786,Instrument of creati_10_11_2023_10_11_2023,Success,Reports\L17110MH1973PLC019786\Charge Documents\Instrument of creati_10_11_2023_10_11_2023_228727.pdf
L17110MH1973PLC019786,Optional attachment(s)- if any_10_11_2023_10_11_2023,Success,Reports\L17110MH1973PLC019786\Other eForm Documents\Optional attachment(s)- if any_10_11_2023_10_11_2023_225500.pdf
L17110MH1973PLC019786,Optional attachment(s)- if any_10_11_2023_10_11_2023,Success,Reports\L17110MH1973PLC019786\Other eForm Documents\Optional attachment(s)- if any_10_11_2023_10_11_2023_183835.pdf
L17110MH1973PLC019786,Optional attachment(s)- if any_10_11_2023_10_11_2023,Success,Reports\L17110MH1973PLC019786\Other eForm Documents\Optional attachment(s)- if any_10_11_2023_10_11_2023_178199.pdf
L17110MH1973PLC019786,Optional attachment(s)- if any_10_11_2023_10_11_2023,Success,Reports\L17110MH1973PLC019786\Other eForm Documents\Optional attachment(s)- if any_10_11_2023_10_11_2023_194455.pdf
L17110MH1973PLC019786,Form PAS-3_10_11_2023_10_11_2023,Success,Reports\L17110MH1973PLC019786\Other eForm Documents\Form PAS-3_10_11_2023_10_11_2023_124140.pdf
L17110MH1973PLC019786,Copy(s) of resolutio_21_09_2023_21_09_2023,Success,Reports\L17110MH1973PLC019786\Other eForm Documents\Copy(s) of resolutio_21_09_2023_21_09_2023_120800.pdf
L17110MH1973PLC019786,Optional attachment(_21_09_2023_21_09_2023,Success,Reports\L17110MH1973PLC019786\Other eForm Documents\Optional attachment(_21_09_2023_21_09_2023_710467.pdf
L17110MH1973PLC019786,Form MGT-14_21_09_2023_21_09_2023,Success,Reports\L17110MH1973PLC019786\Other eForm Documents\Form MGT-14_21_09_2023_21_09_2023_231875.pdf
L17110MH1973PLC019786,Optional attachment(_20_09_2023_20_09_2023,Success,Reports\L17110MH1973PLC019786\Other eForm Documents\Optional attachment(_20_09_2023_20_09_2023_619505.pdf
L17110MH1973PLC019786,Form MGT-14_20_09_2023_20_09_2023,Success,Reports\L17110MH1973PLC019786\Other eForm Documents\Form MGT-14_20_09_2023_20_09_2023_948415.pdf
L17110MH1973PLC019786,Copy(s) of resolutio_20_09_2023_20_09_2023,Success,Reports\L17110MH1973PLC019786\Other eForm Documents\Copy(s) of resolutio_20_09_2023_20_09_2023_163437.pdf
L17110MH1973PLC019786,Form MGT-14_11_09_2023_11_09_2023,Success,Reports\L17110MH1973PLC019786\Other eForm Documents\Form MGT-14_11_09_2023_11_09_2023_764463.pdf
L17110MH1973PLC019786,Optional attachment(_11_09_2023_11_09_2023,Success,Reports\L17110MH1973PLC019786\Other eForm Documents\Optional attachment(_11_09_2023_11_09_2023_265545.pdf
L17110MH1973PLC019786,Certificate of regis_11_09_2023_11_09_2023,Success,Reports\L17110MH1973PLC019786\Certificates\Certificate of regis_11_09_2023_11_09_2023_196962.pdf
L17110MH1973PLC019786,Copy(s) of resolutio_11_09_2023_11_09_2023,Success,Reports\L17110MH1973PLC019786\Other eForm Documents\Copy(s) of resolutio_11_09_2023_11_09_2023_407138.pdf
L17110MH1973PLC019786,Form MGT-14_11_09_2023_11_09_2023,Success,Reports\L17110MH1973PLC019786\Other eForm Documents\Form MGT-14_11_09_2023_11_09_2023_670491.pdf
L17110MH1973PLC019786,Form MGT-14_18_08_2023_18_08_2023,Success,Reports\L17110MH1973PLC019786\Other eForm Documents\Form MGT-14_18_08_2023_18_08_2023_104537.pdf
L17110MH1973PLC019786,Copy(s) of resolutio_18_08_2023_18_08_2023,Success,Reports\L17110MH1973PLC019786\Other eForm Documents\Copy(s) of resolutio_18_08_2023_18_08_2023_175548.pdf
L17110MH1973PLC019786,Copy of order of Cou_16_08_2023_16_08_2023,Success,Reports\L17110MH1973PLC019786\Other eForm Documents\Copy of order of Cou_16_08_2023_16_08_2023_101003.pdf
L17110MH1973PLC019786,Form INC-28_16_08_2023_16_08_2023,Success,Reports\L17110MH1973PLC019786\Other eForm Documents\Form INC-28_16_08_2023_16_08_2023_249928.pdf
L17110MH1973PLC019786,Form MR-1_09_08_2023_09_08_2023,Success,Reports\L17110MH1973PLC019786\Change in Directors/Designated Partner\Form MR-1_09_08_2023_09_08_2023_277043.pdf
L17110MH1973PLC019786,Optional attachment(s)- if any_09_08_2023_09_08_2023,Success,Reports\L17110MH1973PLC019786\Change in Directors/Designated Partner\Optional attachment(s)- if any_09_08_2023_09_08_2023_537643.pdf
L17110MH1973PLC019786,Optional attachment(s)- if any_09_08_2023_09_08_2023,Success,Reports\L17110MH1973PLC019786\Change in Directors/Designated Partner\Optional attachment(s)- if any_09_08_2023_09_08_2023_209681.pdf
L17110MH1973PLC019786,Copy of board resolution_09_08_2023_09_08_2023,Success,Reports\L17110MH1973PLC019786\Change in Directors/Designated Partner\Copy of board resolution_09_08_2023_09_08_2023_206511.pdf
L17110MH1973PLC019786,Form CHG-4_09_08_2023_09_08_2023,Success,Reports\L17110MH1973PLC019786\Charge Documents\Form CHG-4_09_08_2023_09_08_2023_137402.pdf
L17110MH1973PLC019786,CERTIFICATE OF SATIS_09_08_2023_09_08_2023,Success,Reports\L17110MH1973PLC019786\Certificates\CERTIFICATE OF SATIS_09_08_2023_09_08_2023_762501.pdf
L17110MH1973PLC019786,Optional Attachment-(1)_09_08_2023_09_08_2023,Success,Reports\L17110MH1973PLC019786\Charge Documents\Optional Attachment-(1)_09_08_2023_09_08_2023_417108.pdf
L17110MH1973PLC019786,Form CHG-4_07_08_2023_07_08_2023,Success,Reports\L17110MH1973PLC019786\Charge Documents\Form CHG-4_07_08_2023_07_08_2023_771963.pdf
L17110MH1973PLC019786,CERTIFICATE OF SATIS_07_08_2023_07_08_2023,Success,Reports\L17110MH1973PLC019786\Certificates\CERTIFICATE OF SATIS_07_08_2023_07_08_2023_257833.pdf
L17110MH1973PLC019786,Optional Attachment-(1)_07_08_2023_07_08_2023,Success,Reports\L17110MH1973PLC019786\Charge Documents\Optional Attachment-(1)_07_08_2023_07_08_2023_199009.pdf
L17110MH1973PLC019786,Form INC-28_11_07_2023_11_07_2023,Success,Reports\L17110MH1973PLC019786\Other eForm Documents\Form INC-28_11_07_2023_11_07_2023_118407.pdf
L17110MH1973PLC019786,Copy of order of Cou_11_07_2023_11_07_2023,Success,Reports\L17110MH1973PLC019786\Other eForm Documents\Copy of order of Cou_11_07_2023_11_07_2023_552029.pdf
L17110MH1973PLC019786,Form DPT-3_06_07_2023_06_07_2023,Success,Reports\L17110MH1973PLC019786\Other eForm Documents\Form DPT-3_06_07_2023_06_07_2023_122467.pdf
L17110MH1973PLC019786,Optional Attachment-(1)_06_07_2023_06_07_2023,Success,Reports\L17110MH1973PLC019786\Other eForm Documents\Optional Attachment-(1)_06_07_2023_06_07_2023_255699.pdf
L17110MH1973PLC019786,Form CHG-1_29_05_2023_29_05_2023,Success,Reports\L17110MH1973PLC019786\Charge Documents\Form CHG-1_29_05_2023_29_05_2023_116219.pdf
L17110MH1973PLC019786,Instrument(s) of cre_29_05_2023_29_05_2023,Success,Reports\L17110MH1973PLC019786\Charge Documents\Instrument(s) of cre_29_05_2023_29_05_2023_826262.pdf
L17110MH1973PLC019786,CERTIFICATE OF REGIS_29_05_2023_29_05_2023,Success,Reports\L17110MH1973PLC019786\Certificates\CERTIFICATE OF REGIS_29_05_2023_29_05_2023_274755.pdf
L17110MH1973PLC019786,Form PAS-3_24_05_2023_24_05_2023,Success,Reports\L17110MH1973PLC019786\Other eForm Documents\Form PAS-3_24_05_2023_24_05_2023_169917.pdf
L17110MH1973PLC019786,Optional attachment(s)- if any_24_05_2023_24_05_2023,Success,Reports\L17110MH1973PLC019786\Other eForm Documents\Optional attachment(s)- if any_24_05_2023_24_05_2023_336733.pdf
L17110MH1973PLC019786,Optional attachment(s)- if any_24_05_2023_24_05_2023,Success,Reports\L17110MH1973PLC019786\Other eForm Documents\Optional attachment(s)- if any_24_05_2023_24_05_2023_198710.pdf
L17110MH1973PLC019786,Optional attachment(s)- if any_24_05_2023_24_05_2023,Success,Reports\L17110MH1973PLC019786\Other eForm Documents\Optional attachment(s)- if any_24_05_2023_24_05_2023_111666.pdf
L17110MH1973PLC019786,Optional attachment(s)- if any_24_05_2023_24_05_2023,Success,Reports\L17110MH1973PLC019786\Other eForm Documents\Optional attachment(s)- if any_24_05_2023_24_05_2023_192107.pdf
L17110MH1973PLC019786,Copy(s) of resolutio_19_05_2023_19_05_2023,Success,Reports\L17110MH1973PLC019786\Other eForm Documents\Copy(s) of resolutio_19_05_2023_19_05_2023_265748.pdf
L17110MH1973PLC019786,Form MGT-14_19_05_2023_19_05_2023,Success,Reports\L17110MH1973PLC019786\Other eForm Documents\Form MGT-14_19_05_2023_19_05_2023_429319.pdf
L17110MH1973PLC019786,Form MGT-14_12_05_2023_12_05_2023,Success,Reports\L17110MH1973PLC019786\Other eForm Documents\Form MGT-14_12_05_2023_12_05_2023_121472.pdf
L17110MH1973PLC019786,Copy(s) of resolutio_12_05_2023_12_05_2023,Success,Reports\L17110MH1973PLC019786\Other eForm Documents\Copy(s) of resolutio_12_05_2023_12_05_2023_189869.pdf
L17110MH1973PLC019786,Optional attachment(_12_05_2023_12_05_2023,Success,Reports\L17110MH1973PLC019786\Other eForm Documents\Optional attachment(_12_05_2023_12_05_2023_229274.pdf
L17110MH1973PLC019786,Optional attachment(_12_05_2023_12_05_2023,Success,Reports\L17110MH1973PLC019786\Other eForm Documents\Optional attachment(_12_05_2023_12_05_2023_145019.pdf
L17110MH1973PLC019786,Optional attachment(_12_05_2023_12_05_2023,Success,Reports\L17110MH1973PLC019786\Other eForm Documents\Optional attachment(_12_05_2023_12_05_2023_161321.pdf
L17110MH1973PLC019786,Optional attachment(_12_05_2023_12_05_2023,Success,Reports\L17110MH1973PLC019786\Other eForm Documents\Optional attachment(_12_05_2023_12_05_2023_176199.pdf
L17110MH1973PLC019786,Optional attachment(_12_05_2023_12_05_2023,Success,Reports\L17110MH1973PLC019786\Other eForm Documents\Optional attachment(_12_05_2023_12_05_2023_467211.pdf
L17110MH1973PLC019786,Optional attachment(_12_05_2023_12_05_2023,Success,Reports\L17110MH1973PLC019786\Other eForm Documents\Optional attachment(_12_05_2023_12_05_2023_390276.pdf
L17110MH1973PLC019786,Optional attachment(_12_05_2023_12_05_2023,Success,Reports\L17110MH1973PLC019786\Other eForm Documents\Optional attachment(_12_05_2023_12_05_2023_196530.pdf
L17110MH1973PLC019786,Optional attachment(_12_05_2023_12_05_2023,Success,Reports\L17110MH1973PLC019786\Other eForm Documents\Optional attachment(_12_05_2023_12_05_2023_914720.pdf
L17110MH1973PLC019786,Form MGT-14_12_05_2023_12_05_2023,Success,Reports\L17110MH1973PLC019786\Other eForm Documents\Form MGT-14_12_05_2023_12_05_2023_116080.pdf
L17110MH1973PLC019786,Copy(s) of resolutio_12_05_2023_12_05_2023,Success,Reports\L17110MH1973PLC019786\Other eForm Documents\Copy(s) of resolutio_12_05_2023_12_05_2023_155936.pdf
L17110MH1973PLC019786,Copy(s) of resolutio_12_05_2023_12_05_2023,Success,Reports\L17110MH1973PLC019786\Other eForm Documents\Copy(s) of resolutio_12_05_2023_12_05_2023_242181.pdf
L17110MH1973PLC019786,Optional attachment(_12_05_2023_12_05_2023,Success,Reports\L17110MH1973PLC019786\Other eForm Documents\Optional attachment(_12_05_2023_12_05_2023_383393.pdf
L17110MH1973PLC019786,Optional attachment(_12_05_2023_12_05_2023,Success,Reports\L17110MH1973PLC019786\Other eForm Documents\Optional attachment(_12_05_2023_12_05_2023_220455.pdf
L17110MH1973PLC019786,Optional attachment(_12_05_2023_12_05_2023,Success,Reports\L17110MH1973PLC019786\Other eForm Documents\Optional attachment(_12_05_2023_12_05_2023_277525.pdf
L17110MH1973PLC019786,Form MGT-14_12_05_2023_12_05_2023,Success,Reports\L17110MH1973PLC019786\Other eForm Documents\Form MGT-14_12_05_2023_12_05_2023_218215.pdf
L17110MH1973PLC019786,Optional attachment(_12_05_2023_12_05_2023,Success,Reports\L17110MH1973PLC019786\Other eForm Documents\Optional attachment(_12_05_2023_12_05_2023_226732.pdf
L17110MH1973PLC019786,CERTIFICATE OF REGIS_10_05_2023_10_05_2023,Success,Reports\L17110MH1973PLC019786\Certificates\CERTIFICATE OF REGIS_10_05_2023_10_05_2023_233326.pdf
L17110MH1973PLC019786,Form CHG-9_10_05_2023_10_05_2023,Success,Reports\L17110MH1973PLC019786\Charge Documents\Form CHG-9_10_05_2023_10_05_2023_890450.pdf
L17110MH1973PLC019786,Instrument of creati_10_05_2023_10_05_2023,Success,Reports\L17110MH1973PLC019786\Charge Documents\Instrument of creati_10_05_2023_10_05_2023_241860.pdf
L17110MH1973PLC019786,Form CHG-9_10_05_2023_10_05_2023,Success,Reports\L17110MH1973PLC019786\Charge Documents\Form CHG-9_10_05_2023_10_05_2023_240103.pdf
L17110MH1973PLC019786,CERTIFICATE OF REGIS_10_05_2023_10_05_2023,Success,Reports\L17110MH1973PLC019786\Certificates\CERTIFICATE OF REGIS_10_05_2023_10_05_2023_137945.pdf
L17110MH1973PLC019786,Instrument of creati_10_05_2023_10_05_2023,Success,Reports\L17110MH1973PLC019786\Charge Documents\Instrument of creati_10_05_2023_10_05_2023_992053.pdf
L17110MH1973PLC019786,Form CHG-1_28_04_2023_28_04_2023,Success,Reports\L17110MH1973PLC019786\Charge Documents\Form CHG-1_28_04_2023_28_04_2023_103669.pdf
L17110MH1973PLC019786,Instrument(s) of cre_28_04_2023_28_04_2023,Success,Reports\L17110MH1973PLC019786\Charge Documents\Instrument(s) of cre_28_04_2023_28_04_2023_154880.pdf
L17110MH1973PLC019786,CERTIFICATE OF REGIS_28_04_2023_28_04_2023,Success,Reports\L17110MH1973PLC019786\Certificates\CERTIFICATE OF REGIS_28_04_2023_28_04_2023_256831.pdf
L17110MH1973PLC019786,Form PAS-3_25_04_2023_25_04_2023,Success,Reports\L17110MH1973PLC019786\Other eForm Documents\Form PAS-3_25_04_2023_25_04_2023_125152.pdf
L17110MH1973PLC019786,Optional attachment(s)- if any_25_04_2023_25_04_2023,Success,Reports\L17110MH1973PLC019786\Other eForm Documents\Optional attachment(s)- if any_25_04_2023_25_04_2023_261537.pdf
L17110MH1973PLC019786,Optional attachment(s)- if any_25_04_2023_25_04_2023,Success,Reports\L17110MH1973PLC019786\Other eForm Documents\Optional attachment(s)- if any_25_04_2023_25_04_2023_500445.pdf
L17110MH1973PLC019786,Optional attachment(s)- if any_25_04_2023_25_04_2023,Success,Reports\L17110MH1973PLC019786\Other eForm Documents\Optional attachment(s)- if any_25_04_2023_25_04_2023_671050.pdf
L17110MH1973PLC019786,Optional attachment(s)- if any_25_04_2023_25_04_2023,Success,Reports\L17110MH1973PLC019786\Other eForm Documents\Optional attachment(s)- if any_25_04_2023_25_04_2023_133517.pdf
L17110MH1973PLC019786,Form CHG-1_24_04_2023_24_04_2023,Success,Reports\L17110MH1973PLC019786\Charge Documents\Form CHG-1_24_04_2023_24_04_2023_272591.pdf
L17110MH1973PLC019786,Instrument(s) of cre_24_04_2023_24_04_2023,Success,Reports\L17110MH1973PLC019786\Charge Documents\Instrument(s) of cre_24_04_2023_24_04_2023_106725.pdf
L17110MH1973PLC019786,CERTIFICATE OF REGIS_24_04_2023_24_04_2023,Success,Reports\L17110MH1973PLC019786\Certificates\CERTIFICATE OF REGIS_24_04_2023_24_04_2023_277413.pdf
L17110MH1973PLC019786,Form MGT-14_22_04_2023_22_04_2023,Success,Reports\L17110MH1973PLC019786\Other eForm Documents\Form MGT-14_22_04_2023_22_04_2023_233245.pdf
L17110MH1973PLC019786,Copy(s) of resolutio_22_04_2023_22_04_2023,Success,Reports\L17110MH1973PLC019786\Other eForm Documents\Copy(s) of resolutio_22_04_2023_22_04_2023_161374.pdf
L17110MH1973PLC019786,CERTIFICATE OF REGIS_20_04_2023_20_04_2023,Success,Reports\L17110MH1973PLC019786\Certificates\CERTIFICATE OF REGIS_20_04_2023_20_04_2023_224637.pdf
L17110MH1973PLC019786,Instrument(s) of cre_20_04_2023_20_04_2023,Success,Reports\L17110MH1973PLC019786\Charge Documents\Instrument(s) of cre_20_04_2023_20_04_2023_916533.pdf
L17110MH1973PLC019786,Form CHG-1_20_04_2023_20_04_2023,Success,Reports\L17110MH1973PLC019786\Charge Documents\Form CHG-1_20_04_2023_20_04_2023_258214.pdf
L17110MH1973PLC019786,CERTIFICATE OF REGIS_12_04_2023_12_04_2023,Success,Reports\L17110MH1973PLC019786\Certificates\CERTIFICATE OF REGIS_12_04_2023_12_04_2023_174682.pdf
L17110MH1973PLC019786,Instrument(s) of cre_12_04_2023_12_04_2023,Success,Reports\L17110MH1973PLC019786\Charge Documents\Instrument(s) of cre_12_04_2023_12_04_2023_242421.pdf
L17110MH1973PLC019786,Form CHG-1_12_04_2023_12_04_2023,Success,Reports\L17110MH1973PLC019786\Charge Documents\Form CHG-1_12_04_2023_12_04_2023_333569.pdf
L17110MH1973PLC019786,Instrument(s) of cre_06_04_2023_06_04_2023,Success,Reports\L17110MH1973PLC019786\Charge Documents\Instrument(s) of cre_06_04_2023_06_04_2023_104408.pdf
L17110MH1973PLC019786,CERTIFICATE OF REGIS_06_04_2023_06_04_2023,Success,Reports\L17110MH1973PLC019786\Certificates\CERTIFICATE OF REGIS_06_04_2023_06_04_2023_280824.pdf
L17110MH1973PLC019786,Form CHG-1_06_04_2023_06_04_2023,Success,Reports\L17110MH1973PLC019786\Charge Documents\Form CHG-1_06_04_2023_06_04_2023_222675.pdf
L17110MH1973PLC019786,Instrument(s) of cre_05_04_2023_05_04_2023,Success,Reports\L17110MH1973PLC019786\Charge Documents\Instrument(s) of cre_05_04_2023_05_04_2023_241884.pdf
L17110MH1973PLC019786,Form CHG-1_05_04_2023_05_04_2023,Success,Reports\L17110MH1973PLC019786\Charge Documents\Form CHG-1_05_04_2023_05_04_2023_240951.pdf
L17110MH1973PLC019786,CERTIFICATE OF REGIS_05_04_2023_05_04_2023,Success,Reports\L17110MH1973PLC019786\Certificates\CERTIFICATE OF REGIS_05_04_2023_05_04_2023_226678.pdf
L17110MH1973PLC019786,Instrument(s) of cre_02_04_2023_02_04_2023,Success,Reports\L17110MH1973PLC019786\Charge Documents\Instrument(s) of cre_02_04_2023_02_04_2023_132748.pdf
L17110MH1973PLC019786,Form CHG-1_02_04_2023_02_04_2023,Success,Reports\L17110MH1973PLC019786\Charge Documents\Form CHG-1_02_04_2023_02_04_2023_128355.pdf
L17110MH1973PLC019786,CERTIFICATE OF REGIS_02_04_2023_02_04_2023,Success,Reports\L17110MH1973PLC019786\Certificates\CERTIFICATE OF REGIS_02_04_2023_02_04_2023_139944.pdf
L17110MH1973PLC019786,Copy(s) of resolutio_17_02_2023_17_02_2023,Success,Reports\L17110MH1973PLC019786\Other eForm Documents\Copy(s) of resolutio_17_02_2023_17_02_2023_693821.pdf
L17110MH1973PLC019786,Form MGT-14_17_02_2023_17_02_2023,Success,Reports\L17110MH1973PLC019786\Other eForm Documents\Form MGT-14_17_02_2023_17_02_2023_499156.pdf
L17110MH1973PLC019786,Instrument(s) of cre_11_01_2023_11_01_2023,Success,Reports\L17110MH1973PLC019786\Charge Documents\Instrument(s) of cre_11_01_2023_11_01_2023_277314.pdf
L17110MH1973PLC019786,Form CHG-1_11_01_2023_11_01_2023,Success,Reports\L17110MH1973PLC019786\Charge Documents\Form CHG-1_11_01_2023_11_01_2023_251642.pdf
L17110MH1973PLC019786,CERTIFICATE OF REGIS_11_01_2023_11_01_2023,Success,Reports\L17110MH1973PLC019786\Certificates\CERTIFICATE OF REGIS_11_01_2023_11_01_2023_275763.pdf
L17110MH1973PLC019786,Altered memorandum o_06_01_2023_06_01_2023,Success,Reports\L17110MH1973PLC019786\Other eForm Documents\Altered memorandum o_06_01_2023_06_01_2023_203869.pdf
L17110MH1973PLC019786,Certificate of regis_06_01_2023_06_01_2023,Success,Reports\L17110MH1973PLC019786\Certificates\Certificate of regis_06_01_2023_06_01_2023_257687.pdf
L17110MH1973PLC019786,Copy(s) of resolutio_06_01_2023_06_01_2023,Success,Reports\L17110MH1973PLC019786\Other eForm Documents\Copy(s) of resolutio_06_01_2023_06_01_2023_112416.pdf
L17110MH1973PLC019786,Form MGT-14_06_01_2023_06_01_2023,Success,Reports\L17110MH1973PLC019786\Other eForm Documents\Form MGT-14_06_01_2023_06_01_2023_492808.pdf
L17110MH1973PLC019786,CERTIFICATE OF REGIS_13_12_2022_13_12_2022,Success,Reports\L17110MH1973PLC019786\Certificates\CERTIFICATE OF REGIS_13_12_2022_13_12_2022_523599.pdf
L17110MH1973PLC019786,Instrument(s) of cre_13_12_2022_13_12_2022,Success,Reports\L17110MH1973PLC019786\Charge Documents\Instrument(s) of cre_13_12_2022_13_12_2022_129124.pdf
L17110MH1973PLC019786,Form CHG-1_13_12_2022_13_12_2022,Success,Reports\L17110MH1973PLC019786\Charge Documents\Form CHG-1_13_12_2022_13_12_2022_185826.pdf
L17110MH1973PLC019786,Form MGT-14_13_12_2022_13_12_2022,Success,Reports\L17110MH1973PLC019786\Other eForm Documents\Form MGT-14_13_12_2022_13_12_2022_483510.pdf
L17110MH1973PLC019786,Copy(s) of resolutio_13_12_2022_13_12_2022,Success,Reports\L17110MH1973PLC019786\Other eForm Documents\Copy(s) of resolutio_13_12_2022_13_12_2022_135218.pdf
L17110MH1973PLC019786,Copy(s) of resolutio_19_11_2022_19_11_2022,Success,Reports\L17110MH1973PLC019786\Other eForm Documents\Copy(s) of resolutio_19_11_2022_19_11_2022_268176.pdf
L17110MH1973PLC019786,Form MGT-14_19_11_2022_19_11_2022,Success,Reports\L17110MH1973PLC019786\Other eForm Documents\Form MGT-14_19_11_2022_19_11_2022_256010.pdf
L17110MH1973PLC019786,CERTIFICATE OF REGIS_15_11_2022_15_11_2022,Success,Reports\L17110MH1973PLC019786\Certificates\CERTIFICATE OF REGIS_15_11_2022_15_11_2022_213843.pdf
L17110MH1973PLC019786,Form CHG-1_15_11_2022_15_11_2022,Success,Reports\L17110MH1973PLC019786\Charge Documents\Form CHG-1_15_11_2022_15_11_2022_746107.pdf
L17110MH1973PLC019786,Instrument(s) of cre_15_11_2022_15_11_2022,Success,Reports\L17110MH1973PLC019786\Charge Documents\Instrument(s) of cre_15_11_2022_15_11_2022_144007.pdf
L17110MH1973PLC019786,Form CHG-9_03_11_2022_03_11_2022,Success,Reports\L17110MH1973PLC019786\Charge Documents\Form CHG-9_03_11_2022_03_11_2022_858928.pdf
L17110MH1973PLC019786,Instrument of creati_03_11_2022_03_11_2022,Success,Reports\L17110MH1973PLC019786\Charge Documents\Instrument of creati_03_11_2022_03_11_2022_128829.pdf
L17110MH1973PLC019786,CERTIFICATE OF REGIS_02_11_2022_02_11_2022,Success,Reports\L17110MH1973PLC019786\Certificates\CERTIFICATE OF REGIS_02_11_2022_02_11_2022_211203.pdf
L17110MH1973PLC019786,Instrument of creati_02_11_2022_02_11_2022,Success,Reports\L17110MH1973PLC019786\Charge Documents\Instrument of creati_02_11_2022_02_11_2022_139922.pdf
L17110MH1973PLC019786,Form CHG-9_02_11_2022_02_11_2022,Success,Reports\L17110MH1973PLC019786\Charge Documents\Form CHG-9_02_11_2022_02_11_2022_310110.pdf
L17110MH1973PLC019786,CERTIFICATE OF REGIS_02_11_2022_02_11_2022,Success,Reports\L17110MH1973PLC019786\Certificates\CERTIFICATE OF REGIS_02_11_2022_02_11_2022_108366.pdf
L17110MH1973PLC019786,Instrument(s) of cre_02_11_2022_02_11_2022,Success,Reports\L17110MH1973PLC019786\Charge Documents\Instrument(s) of cre_02_11_2022_02_11_2022_767985.pdf
L17110MH1973PLC019786,CERTIFICATE OF REGIS_02_11_2022_02_11_2022,Success,Reports\L17110MH1973PLC019786\Certificates\CERTIFICATE OF REGIS_02_11_2022_02_11_2022_697680.pdf
L17110MH1973PLC019786,Instrument(s) of cre_02_11_2022_02_11_2022,Success,Reports\L17110MH1973PLC019786\Charge Documents\Instrument(s) of cre_02_11_2022_02_11_2022_782736.pdf
L17110MH1973PLC019786,Form CHG-1_02_11_2022_02_11_2022,Success,Reports\L17110MH1973PLC019786\Charge Documents\Form CHG-1_02_11_2022_02_11_2022_317876.pdf
L17110MH1973PLC019786,Form CHG-4_01_11_2022_01_11_2022,Success,Reports\L17110MH1973PLC019786\Charge Documents\Form CHG-4_01_11_2022_01_11_2022_311242.pdf
L17110MH1973PLC019786,Optional Attachment-(1)_01_11_2022_01_11_2022,Success,Reports\L17110MH1973PLC019786\Charge Documents\Optional Attachment-(1)_01_11_2022_01_11_2022_126965.pdf
L17110MH1973PLC019786,CERTIFICATE OF SATIS_01_11_2022_01_11_2022,Success,Reports\L17110MH1973PLC019786\Certificates\CERTIFICATE OF SATIS_01_11_2022_01_11_2022_274012.pdf
L17110MH1973PLC019786,CERTIFICATE OF SATIS_01_11_2022_01_11_2022,Success,Reports\L17110MH1973PLC019786\Certificates\CERTIFICATE OF SATIS_01_11_2022_01_11_2022_838538.pdf
L17110MH1973PLC019786,Instrument(s) of cre_11_10_2022_11_10_2022,Success,Reports\L17110MH1973PLC019786\Charge Documents\Instrument(s) of cre_11_10_2022_11_10_2022_118346.pdf
L17110MH1973PLC019786,Form CHG-1_11_10_2022_11_10_2022,Success,Reports\L17110MH1973PLC019786\Charge Documents\Form CHG-1_11_10_2022_11_10_2022_126812.pdf
L17110MH1973PLC019786,Instrument(s) of cre_11_10_2022_11_10_2022,Success,Reports\L17110MH1973PLC019786\Charge Documents\Instrument(s) of cre_11_10_2022_11_10_2022_232158.pdf
L17110MH1973PLC019786,Form CHG-1_07_10_2022_07_10_2022,Success,Reports\L17110MH1973PLC019786\Charge Documents\Form CHG-1_07_10_2022_07_10_2022_105243.pdf
L17110MH1973PLC019786,Instrument(s) of cre_07_10_2022_07_10_2022,Success,Reports\L17110MH1973PLC019786\Charge Documents\Instrument(s) of cre_07_10_2022_07_10_2022_422659.pdf
L17110MH1973PLC019786,CERTIFICATE OF REGIS_07_10_2022_07_10_2022,Success,Reports\L17110MH1973PLC019786\Certificates\CERTIFICATE OF REGIS_07_10_2022_07_10_2022_463798.pdf
L17110MH1973PLC019786,CERTIFICATE OF REGIS_07_10_2022_07_10_2022,Success,Reports\L17110MH1973PLC019786\Certificates\CERTIFICATE OF REGIS_07_10_2022_07_10_2022_215897.pdf
L17110MH1973PLC019786,Form CHG-1_29_09_2022_29_09_2022,Success,Reports\L17110MH1973PLC019786\Charge Documents\Form CHG-1_29_09_2022_29_09_2022_187356.pdf
L17110MH1973PLC019786,Instrument(s) of cre_29_09_2022_29_09_2022,Success,Reports\L17110MH1973PLC019786\Charge Documents\Instrument(s) of cre_29_09_2022_29_09_2022_221567.pdf
L17110MH1973PLC019786,CERTIFICATE OF REGIS_29_09_2022_29_09_2022,Success,Reports\L17110MH1973PLC019786\Certificates\CERTIFICATE OF REGIS_29_09_2022_29_09_2022_156936.pdf
L17110MH1973PLC019786,CERTIFICATE OF REGIS_29_09_2022_29_09_2022,Success,Reports\L17110MH1973PLC019786\Certificates\CERTIFICATE OF REGIS_29_09_2022_29_09_2022_258150.pdf
L17110MH1973PLC019786,Form CHG-1_29_09_2022_29_09_2022,Success,Reports\L17110MH1973PLC019786\Charge Documents\Form CHG-1_29_09_2022_29_09_2022_192052.pdf
L17110MH1973PLC019786,Instrument(s) of cre_29_09_2022_29_09_2022,Success,Reports\L17110MH1973PLC019786\Charge Documents\Instrument(s) of cre_29_09_2022_29_09_2022_275425.pdf
L17110MH1973PLC019786,CERTIFICATE OF REGIS_29_09_2022_29_09_2022,Success,Reports\L17110MH1973PLC019786\Certificates\CERTIFICATE OF REGIS_29_09_2022_29_09_2022_720165.pdf
L17110MH1973PLC019786,CERTIFICATE OF REGIS_29_09_2022_29_09_2022,Success,Reports\L17110MH1973PLC019786\Certificates\CERTIFICATE OF REGIS_29_09_2022_29_09_2022_162847.pdf
L17110MH1973PLC019786,Form CHG-4_27_09_2022_27_09_2022,Success,Reports\L17110MH1973PLC019786\Charge Documents\Form CHG-4_27_09_2022_27_09_2022_194737.pdf
L17110MH1973PLC019786,Optional Attachment-(1)_27_09_2022_27_09_2022,Success,Reports\L17110MH1973PLC019786\Charge Documents\Optional Attachment-(1)_27_09_2022_27_09_2022_250246.pdf
L17110MH1973PLC019786,CERTIFICATE OF SATIS_27_09_2022_27_09_2022,Success,Reports\L17110MH1973PLC019786\Certificates\CERTIFICATE OF SATIS_27_09_2022_27_09_2022_165974.pdf
L17110MH1973PLC019786,CERTIFICATE OF SATIS_27_09_2022_27_09_2022,Success,Reports\L17110MH1973PLC019786\Certificates\CERTIFICATE OF SATIS_27_09_2022_27_09_2022_256539.pdf
L17110MH1973PLC019786,Optional attachment(_26_09_2022_26_09_2022,Success,Reports\L17110MH1973PLC019786\Other eForm Documents\Optional attachment(_26_09_2022_26_09_2022_110785.pdf
L17110MH1973PLC019786,Copy(s) of resolutio_26_09_2022_26_09_2022,Success,Reports\L17110MH1973PLC019786\Other eForm Documents\Copy(s) of resolutio_26_09_2022_26_09_2022_136395.pdf
L17110MH1973PLC019786,Form MGT-14_26_09_2022_26_09_2022,Success,Reports\L17110MH1973PLC019786\Other eForm Documents\Form MGT-14_26_09_2022_26_09_2022_885741.pdf
L17110MH1973PLC019786,Form MGT-14_22_09_2022_22_09_2022,Success,Reports\L17110MH1973PLC019786\Other eForm Documents\Form MGT-14_22_09_2022_22_09_2022_163386.pdf
L17110MH1973PLC019786,Optional attachment(_22_09_2022_22_09_2022,Success,Reports\L17110MH1973PLC019786\Other eForm Documents\Optional attachment(_22_09_2022_22_09_2022_465437.pdf
L17110MH1973PLC019786,Copy(s) of resolutio_22_09_2022_22_09_2022,Success,Reports\L17110MH1973PLC019786\Other eForm Documents\Copy(s) of resolutio_22_09_2022_22_09_2022_164791.pdf
L17110MH1973PLC019786,Form MGT-14_09_09_2022_09_09_2022,Success,Reports\L17110MH1973PLC019786\Other eForm Documents\Form MGT-14_09_09_2022_09_09_2022_828882.pdf
L17110MH1973PLC019786,Certificate of regis_09_09_2022_09_09_2022,Success,Reports\L17110MH1973PLC019786\Certificates\Certificate of regis_09_09_2022_09_09_2022_137754.pdf
L17110MH1973PLC019786,Copy(s) of resolutio_09_09_2022_09_09_2022,Success,Reports\L17110MH1973PLC019786\Other eForm Documents\Copy(s) of resolutio_09_09_2022_09_09_2022_224826.pdf
L17110MH1973PLC019786,Altered memorandum o_09_09_2022_09_09_2022,Success,Reports\L17110MH1973PLC019786\Other eForm Documents\Altered memorandum o_09_09_2022_09_09_2022_149986.pdf
L17110MH1973PLC019786,Form MGT-14_20_08_2022_20_08_2022,Success,Reports\L17110MH1973PLC019786\Other eForm Documents\Form MGT-14_20_08_2022_20_08_2022_162147.pdf
L17110MH1973PLC019786,Copy(s) of resolutio_20_08_2022_20_08_2022,Success,Reports\L17110MH1973PLC019786\Other eForm Documents\Copy(s) of resolutio_20_08_2022_20_08_2022_804732.pdf
L17110MH1973PLC019786,CERTIFICATE OF REGIS_15_06_2022_15_06_2022,Success,Reports\L17110MH1973PLC019786\Certificates\CERTIFICATE OF REGIS_15_06_2022_15_06_2022_248483.pdf
L17110MH1973PLC019786,Instrument(s) of cre_15_06_2022_15_06_2022,Success,Reports\L17110MH1973PLC019786\Charge Documents\Instrument(s) of cre_15_06_2022_15_06_2022_240363.pdf
L17110MH1973PLC019786,Form MGT-14_03_06_2022_03_06_2022,Success,Reports\L17110MH1973PLC019786\Other eForm Documents\Form MGT-14_03_06_2022_03_06_2022_215605.pdf
L17110MH1973PLC019786,Copy(s) of resolutio_03_06_2022_03_06_2022,Success,Reports\L17110MH1973PLC019786\Other eForm Documents\Copy(s) of resolutio_03_06_2022_03_06_2022_523344.pdf
L17110MH1973PLC019786,Copy(s) of resolutio_03_06_2022_03_06_2022,Success,Reports\L17110MH1973PLC019786\Other eForm Documents\Copy(s) of resolutio_03_06_2022_03_06_2022_196914.pdf
L17110MH1973PLC019786,Form MGT-14_03_06_2022_03_06_2022,Success,Reports\L17110MH1973PLC019786\Other eForm Documents\Form MGT-14_03_06_2022_03_06_2022_224592.pdf
L17110MH1973PLC019786,Letter of the charge_30_05_2022_30_05_2022,Success,Reports\L17110MH1973PLC019786\Charge Documents\Letter of the charge_30_05_2022_30_05_2022_257984.pdf
L17110MH1973PLC019786,CERTIFICATE OF SATIS_30_05_2022_30_05_2022,Success,Reports\L17110MH1973PLC019786\Certificates\CERTIFICATE OF SATIS_30_05_2022_30_05_2022_207909.pdf
L17110MH1973PLC019786,Form CHG-4_30_05_2022_30_05_2022,Success,Reports\L17110MH1973PLC019786\Charge Documents\Form CHG-4_30_05_2022_30_05_2022_199343.pdf
L17110MH1973PLC019786,Instrument(s) of cre_18_05_2022_18_05_2022,Success,Reports\L17110MH1973PLC019786\Charge Documents\Instrument(s) of cre_18_05_2022_18_05_2022_177187.pdf
L17110MH1973PLC019786,Instrument(s) of cre_18_05_2022_18_05_2022,Success,Reports\L17110MH1973PLC019786\Charge Documents\Instrument(s) of cre_18_05_2022_18_05_2022_235209.pdf
L17110MH1973PLC019786,CERTIFICATE OF REGIS_18_05_2022_18_05_2022,Success,Reports\L17110MH1973PLC019786\Certificates\CERTIFICATE OF REGIS_18_05_2022_18_05_2022_827897.pdf
L17110MH1973PLC019786,CERTIFICATE OF REGIS_18_05_2022_18_05_2022,Success,Reports\L17110MH1973PLC019786\Certificates\CERTIFICATE OF REGIS_18_05_2022_18_05_2022_422815.pdf
L17110MH1973PLC019786,CERTIFICATE OF REGIS_28_04_2022_28_04_2022,Success,Reports\L17110MH1973PLC019786\Certificates\CERTIFICATE OF REGIS_28_04_2022_28_04_2022_110786.pdf
L17110MH1973PLC019786,CERTIFICATE OF REGIS_28_04_2022_28_04_2022,Success,Reports\L17110MH1973PLC019786\Certificates\CERTIFICATE OF REGIS_28_04_2022_28_04_2022_111979.pdf
L17110MH1973PLC019786,CERTIFICATE OF REGIS_28_04_2022_28_04_2022,Success,Reports\L17110MH1973PLC019786\Certificates\CERTIFICATE OF REGIS_28_04_2022_28_04_2022_189665.pdf
L17110MH1973PLC019786,CERTIFICATE OF REGIS_28_04_2022_28_04_2022,Success,Reports\L17110MH1973PLC019786\Certificates\CERTIFICATE OF REGIS_28_04_2022_28_04_2022_172324.pdf
L17110MH1973PLC019786,Instrument(s) of cre_28_04_2022_28_04_2022,Success,Reports\L17110MH1973PLC019786\Charge Documents\Instrument(s) of cre_28_04_2022_28_04_2022_146050.pdf
L17110MH1973PLC019786,Instrument(s) of cre_28_04_2022_28_04_2022,Success,Reports\L17110MH1973PLC019786\Charge Documents\Instrument(s) of cre_28_04_2022_28_04_2022_209748.pdf
L17110MH1973PLC019786,Instrument(s) of cre_28_04_2022_28_04_2022,Success,Reports\L17110MH1973PLC019786\Charge Documents\Instrument(s) of cre_28_04_2022_28_04_2022_229728.pdf
L17110MH1973PLC019786,Instrument(s) of cre_27_04_2022_27_04_2022,Success,Reports\L17110MH1973PLC019786\Charge Documents\Instrument(s) of cre_27_04_2022_27_04_2022_112587.pdf
L17110MH1973PLC019786,CERTIFICATE OF REGIS_27_04_2022_27_04_2022,Success,Reports\L17110MH1973PLC019786\Certificates\CERTIFICATE OF REGIS_27_04_2022_27_04_2022_198513.pdf
L17110MH1973PLC019786,Optional attachment(_06_04_2022_06_04_2022,Success,Reports\L17110MH1973PLC019786\Other eForm Documents\Optional attachment(_06_04_2022_06_04_2022_242644.pdf
L17110MH1973PLC019786,Optional attachment(_06_04_2022_06_04_2022,Success,Reports\L17110MH1973PLC019786\Other eForm Documents\Optional attachment(_06_04_2022_06_04_2022_886075.pdf
L17110MH1973PLC019786,Optional attachment(_06_04_2022_06_04_2022,Success,Reports\L17110MH1973PLC019786\Other eForm Documents\Optional attachment(_06_04_2022_06_04_2022_129257.pdf
L17110MH1973PLC019786,Optional attachment(_06_04_2022_06_04_2022,Success,Reports\L17110MH1973PLC019786\Other eForm Documents\Optional attachment(_06_04_2022_06_04_2022_222752.pdf
L17110MH1973PLC019786,Form MGT-14_06_04_2022_06_04_2022,Success,Reports\L17110MH1973PLC019786\Other eForm Documents\Form MGT-14_06_04_2022_06_04_2022_104403.pdf
L17110MH1973PLC019786,Form MGT-14_06_04_2022_06_04_2022,Success,Reports\L17110MH1973PLC019786\Other eForm Documents\Form MGT-14_06_04_2022_06_04_2022_334429.pdf
L17110MH1973PLC019786,Form MGT-14_06_04_2022_06_04_2022,Success,Reports\L17110MH1973PLC019786\Other eForm Documents\Form MGT-14_06_04_2022_06_04_2022_240984.pdf
L17110MH1973PLC019786,Form MGT-14_06_04_2022_06_04_2022,Success,Reports\L17110MH1973PLC019786\Other eForm Documents\Form MGT-14_06_04_2022_06_04_2022_132661.pdf
L17110MH1973PLC019786,Copy(s) of resolutio_06_04_2022_06_04_2022,Success,Reports\L17110MH1973PLC019786\Other eForm Documents\Copy(s) of resolutio_06_04_2022_06_04_2022_159592.pdf
L17110MH1973PLC019786,Copy(s) of resolutio_06_04_2022_06_04_2022,Success,Reports\L17110MH1973PLC019786\Other eForm Documents\Copy(s) of resolutio_06_04_2022_06_04_2022_104947.pdf
L17110MH1973PLC019786,Copy(s) of resolutio_06_04_2022_06_04_2022,Success,Reports\L17110MH1973PLC019786\Other eForm Documents\Copy(s) of resolutio_06_04_2022_06_04_2022_116166.pdf
L17110MH1973PLC019786,Optional attachment(_06_04_2022_06_04_2022,Success,Reports\L17110MH1973PLC019786\Other eForm Documents\Optional attachment(_06_04_2022_06_04_2022_182232.pdf
L17110MH1973PLC019786,Form INC-28_04_04_2022_04_04_2022,Success,Reports\L17110MH1973PLC019786\Other eForm Documents\Form INC-28_04_04_2022_04_04_2022_135084.pdf
L17110MH1973PLC019786,Copy of court order _04_04_2022_04_04_2022,Success,Reports\L17110MH1973PLC019786\Other eForm Documents\Copy of court order _04_04_2022_04_04_2022_944998.pdf
L17110MH1973PLC019786,Copy of court order _04_04_2022_04_04_2022,Success,Reports\L17110MH1973PLC019786\Other eForm Documents\Copy of court order _04_04_2022_04_04_2022_269983.pdf
L17110MH1973PLC019786,Optional attachment(s)- if any_04_04_2022_04_04_2022,Success,Reports\L17110MH1973PLC019786\Other eForm Documents\Optional attachment(s)- if any_04_04_2022_04_04_2022_220832.pdf
L17110MH1973PLC019786,CERTIFICATE OF REGIS_31_03_2022_31_03_2022,Success,Reports\L17110MH1973PLC019786\Certificates\CERTIFICATE OF REGIS_31_03_2022_31_03_2022_173552.pdf
L17110MH1973PLC019786,Form CHG-9_31_03_2022_31_03_2022,Success,Reports\L17110MH1973PLC019786\Charge Documents\Form CHG-9_31_03_2022_31_03_2022_511870.pdf
L17110MH1973PLC019786,Instrument of creati_31_03_2022_31_03_2022,Success,Reports\L17110MH1973PLC019786\Charge Documents\Instrument of creati_31_03_2022_31_03_2022_177327.pdf
L17110MH1973PLC019786,Form CHG-9_03_03_2022_03_03_2022,Success,Reports\L17110MH1973PLC019786\Charge Documents\Form CHG-9_03_03_2022_03_03_2022_107266.pdf
L17110MH1973PLC019786,CERTIFICATE OF REGIS_03_03_2022_03_03_2022,Success,Reports\L17110MH1973PLC019786\Certificates\CERTIFICATE OF REGIS_03_03_2022_03_03_2022_469487.pdf
L17110MH1973PLC019786,CERTIFICATE OF REGIS_03_03_2022_03_03_2022,Success,Reports\L17110MH1973PLC019786\Certificates\CERTIFICATE OF REGIS_03_03_2022_03_03_2022_124949.pdf
L17110MH1973PLC019786,Instrument of creati_03_03_2022_03_03_2022,Success,Reports\L17110MH1973PLC019786\Charge Documents\Instrument of creati_03_03_2022_03_03_2022_180127.pdf
L17110MH1973PLC019786,Instrument of creati_03_03_2022_03_03_2022,Success,Reports\L17110MH1973PLC019786\Charge Documents\Instrument of creati_03_03_2022_03_03_2022_235523.pdf
L17110MH1973PLC019786,Form CHG-9_03_03_2022_03_03_2022,Success,Reports\L17110MH1973PLC019786\Charge Documents\Form CHG-9_03_03_2022_03_03_2022_585881.pdf
L17110MH1973PLC019786,Form MGT-14_17_02_2022_17_02_2022,Success,Reports\L17110MH1973PLC019786\Other eForm Documents\Form MGT-14_17_02_2022_17_02_2022_713793.pdf
L17110MH1973PLC019786,Copy(s) of resolutio_17_02_2022_17_02_2022,Success,Reports\L17110MH1973PLC019786\Other eForm Documents\Copy(s) of resolutio_17_02_2022_17_02_2022_525034.pdf
L17110MH1973PLC019786,Form MGT-14_20_01_2022_20_01_2022,Success,Reports\L17110MH1973PLC019786\Other eForm Documents\Form MGT-14_20_01_2022_20_01_2022_474959.pdf
L17110MH1973PLC019786,Copy(s) of resolutio_20_01_2022_20_01_2022,Success,Reports\L17110MH1973PLC019786\Other eForm Documents\Copy(s) of resolutio_20_01_2022_20_01_2022_177109.pdf
L17110MH1973PLC019786,Form MGT-14_22_12_2021_22_12_2021,Success,Reports\L17110MH1973PLC019786\Other eForm Documents\Form MGT-14_22_12_2021_22_12_2021_255985.pdf
L17110MH1973PLC019786,Copy(s) of resolutio_22_12_2021_22_12_2021,Success,Reports\L17110MH1973PLC019786\Other eForm Documents\Copy(s) of resolutio_22_12_2021_22_12_2021_258647.pdf
L17110MH1973PLC019786,Instrument(s) of cre_15_12_2021_15_12_2021,Success,Reports\L17110MH1973PLC019786\Charge Documents\Instrument(s) of cre_15_12_2021_15_12_2021_160849.pdf
L17110MH1973PLC019786,CERTIFICATE OF REGIS_15_12_2021_15_12_2021,Success,Reports\L17110MH1973PLC019786\Certificates\CERTIFICATE OF REGIS_15_12_2021_15_12_2021_268778.pdf
L17110MH1973PLC019786,Copy(s) of resolutio_20_11_2021_20_11_2021,Success,Reports\L17110MH1973PLC019786\Other eForm Documents\Copy(s) of resolutio_20_11_2021_20_11_2021_183683.pdf
L17110MH1973PLC019786,Form MGT-14_20_11_2021_20_11_2021,Success,Reports\L17110MH1973PLC019786\Other eForm Documents\Form MGT-14_20_11_2021_20_11_2021_471770.pdf
L17110MH1973PLC019786,Optional attachment(_17_11_2021_17_11_2021,Success,Reports\L17110MH1973PLC019786\Other eForm Documents\Optional attachment(_17_11_2021_17_11_2021_513153.pdf
L17110MH1973PLC019786,Form MGT-14_17_11_2021_17_11_2021,Success,Reports\L17110MH1973PLC019786\Other eForm Documents\Form MGT-14_17_11_2021_17_11_2021_232595.pdf
L17110MH1973PLC019786,Copy(s) of resolutio_17_11_2021_17_11_2021,Success,Reports\L17110MH1973PLC019786\Other eForm Documents\Copy(s) of resolutio_17_11_2021_17_11_2021_187420.pdf
L17110MH1973PLC019786,Instrument(s) of cre_12_11_2021_12_11_2021,Success,Reports\L17110MH1973PLC019786\Charge Documents\Instrument(s) of cre_12_11_2021_12_11_2021_210359.pdf
L17110MH1973PLC019786,CERTIFICATE OF REGIS_12_11_2021_12_11_2021,Success,Reports\L17110MH1973PLC019786\Certificates\CERTIFICATE OF REGIS_12_11_2021_12_11_2021_281112.pdf
L17110MH1973PLC019786,Copy(s) of resolutio_01_10_2021_01_10_2021,Success,Reports\L17110MH1973PLC019786\Other eForm Documents\Copy(s) of resolutio_01_10_2021_01_10_2021_153665.pdf
L17110MH1973PLC019786,Form MGT-14_01_10_2021_01_10_2021,Success,Reports\L17110MH1973PLC019786\Other eForm Documents\Form MGT-14_01_10_2021_01_10_2021_214922.pdf
L17110MH1973PLC019786,Letter of the charge_30_08_2021_30_08_2021,Success,Reports\L17110MH1973PLC019786\Charge Documents\Letter of the charge_30_08_2021_30_08_2021_200159.pdf
L17110MH1973PLC019786,Letter of the charge_30_08_2021_30_08_2021,Success,Reports\L17110MH1973PLC019786\Charge Documents\Letter of the charge_30_08_2021_30_08_2021_173249.pdf
L17110MH1973PLC019786,Form CHG-4_30_08_2021_30_08_2021,Success,Reports\L17110MH1973PLC019786\Charge Documents\Form CHG-4_30_08_2021_30_08_2021_137512.pdf
L17110MH1973PLC019786,Form CHG-4_30_08_2021_30_08_2021,Success,Reports\L17110MH1973PLC019786\Charge Documents\Form CHG-4_30_08_2021_30_08_2021_157060.pdf
L17110MH1973PLC019786,CERTIFICATE OF SATIS_30_08_2021_30_08_2021,Success,Reports\L17110MH1973PLC019786\Certificates\CERTIFICATE OF SATIS_30_08_2021_30_08_2021_112568.pdf
L17110MH1973PLC019786,CERTIFICATE OF SATIS_30_08_2021_30_08_2021,Success,Reports\L17110MH1973PLC019786\Certificates\CERTIFICATE OF SATIS_30_08_2021_30_08_2021_170680.pdf
L17110MH1973PLC019786,CERTIFICATE OF SATIS_16_08_2021_16_08_2021,Success,Reports\L17110MH1973PLC019786\Certificates\CERTIFICATE OF SATIS_16_08_2021_16_08_2021_224659.pdf
L17110MH1973PLC019786,Letter of the charge_16_08_2021_16_08_2021,Success,Reports\L17110MH1973PLC019786\Charge Documents\Letter of the charge_16_08_2021_16_08_2021_271150.pdf
L17110MH1973PLC019786,Form CHG-4_16_08_2021_16_08_2021,Success,Reports\L17110MH1973PLC019786\Charge Documents\Form CHG-4_16_08_2021_16_08_2021_185870.pdf
L17110MH1973PLC019786,Instrument(s) of cre_27_07_2021_27_07_2021,Success,Reports\L17110MH1973PLC019786\Charge Documents\Instrument(s) of cre_27_07_2021_27_07_2021_202382.pdf
L17110MH1973PLC019786,CERTIFICATE OF REGIS_27_07_2021_27_07_2021,Success,Reports\L17110MH1973PLC019786\Certificates\CERTIFICATE OF REGIS_27_07_2021_27_07_2021_218505.pdf
L17110MH1973PLC019786,Copy(s) of resolutio_23_07_2021_23_07_2021,Success,Reports\L17110MH1973PLC019786\Other eForm Documents\Copy(s) of resolutio_23_07_2021_23_07_2021_234913.pdf
L17110MH1973PLC019786,Optional attachment(_23_07_2021_23_07_2021,Success,Reports\L17110MH1973PLC019786\Other eForm Documents\Optional attachment(_23_07_2021_23_07_2021_118540.pdf
L17110MH1973PLC019786,Form MGT-14_23_07_2021_23_07_2021,Success,Reports\L17110MH1973PLC019786\Other eForm Documents\Form MGT-14_23_07_2021_23_07_2021_207341.pdf
L17110MH1973PLC019786,Form DPT-3_30_06_2021_30_06_2021,Success,Reports\L17110MH1973PLC019786\Other eForm Documents\Form DPT-3_30_06_2021_30_06_2021_227954.pdf
L17110MH1973PLC019786,Form MGT-14_27_05_2021_27_05_2021,Success,Reports\L17110MH1973PLC019786\Other eForm Documents\Form MGT-14_27_05_2021_27_05_2021_831729.pdf
L17110MH1973PLC019786,Copy(s) of resolutio_27_05_2021_27_05_2021,Success,Reports\L17110MH1973PLC019786\Other eForm Documents\Copy(s) of resolutio_27_05_2021_27_05_2021_104075.pdf
L17110MH1973PLC019786,CERTIFICATE OF REGIS_05_05_2021_05_05_2021,Success,Reports\L17110MH1973PLC019786\Certificates\CERTIFICATE OF REGIS_05_05_2021_05_05_2021_942486.pdf
L17110MH1973PLC019786,Instrument(s) of cre_05_05_2021_05_05_2021,Success,Reports\L17110MH1973PLC019786\Charge Documents\Instrument(s) of cre_05_05_2021_05_05_2021_175835.pdf
L17110MH1973PLC019786,Form MGT-14_29_04_2021_29_04_2021,Success,Reports\L17110MH1973PLC019786\Other eForm Documents\Form MGT-14_29_04_2021_29_04_2021_171599.pdf
L17110MH1973PLC019786,Form MGT-14_29_04_2021_29_04_2021,Success,Reports\L17110MH1973PLC019786\Other eForm Documents\Form MGT-14_29_04_2021_29_04_2021_170038.pdf
L17110MH1973PLC019786,Form MGT-14_29_04_2021_29_04_2021,Success,Reports\L17110MH1973PLC019786\Other eForm Documents\Form MGT-14_29_04_2021_29_04_2021_647322.pdf
L17110MH1973PLC019786,Copy(s) of resolutio_29_04_2021_29_04_2021,Success,Reports\L17110MH1973PLC019786\Other eForm Documents\Copy(s) of resolutio_29_04_2021_29_04_2021_249171.pdf
L17110MH1973PLC019786,Copy(s) of resolutio_29_04_2021_29_04_2021,Success,Reports\L17110MH1973PLC019786\Other eForm Documents\Copy(s) of resolutio_29_04_2021_29_04_2021_833258.pdf
L17110MH1973PLC019786,Copy(s) of resolutio_29_04_2021_29_04_2021,Success,Reports\L17110MH1973PLC019786\Other eForm Documents\Copy(s) of resolutio_29_04_2021_29_04_2021_112197.pdf
L17110MH1973PLC019786,Optional attachment(_29_04_2021_29_04_2021,Success,Reports\L17110MH1973PLC019786\Other eForm Documents\Optional attachment(_29_04_2021_29_04_2021_151245.pdf
L17110MH1973PLC019786,Optional attachment(_29_04_2021_29_04_2021,Success,Reports\L17110MH1973PLC019786\Other eForm Documents\Optional attachment(_29_04_2021_29_04_2021_595477.pdf
L17110MH1973PLC019786,Optional attachment(_29_04_2021_29_04_2021,Success,Reports\L17110MH1973PLC019786\Other eForm Documents\Optional attachment(_29_04_2021_29_04_2021_264459.pdf
L17110MH1973PLC019786,Optional attachment(_29_04_2021_29_04_2021,Success,Reports\L17110MH1973PLC019786\Other eForm Documents\Optional attachment(_29_04_2021_29_04_2021_177755.pdf
L17110MH1973PLC019786,Optional attachment(_29_04_2021_29_04_2021,Success,Reports\L17110MH1973PLC019786\Other eForm Documents\Optional attachment(_29_04_2021_29_04_2021_166004.pdf
L17110MH1973PLC019786,Optional attachment(_29_04_2021_29_04_2021,Success,Reports\L17110MH1973PLC019786\Other eForm Documents\Optional attachment(_29_04_2021_29_04_2021_287716.pdf
L17110MH1973PLC019786,CERTIFICATE OF REGIS_26_04_2021_26_04_2021,Success,Reports\L17110MH1973PLC019786\Certificates\CERTIFICATE OF REGIS_26_04_2021_26_04_2021_144283.pdf
L17110MH1973PLC019786,Instrument(s) of cre_26_04_2021_26_04_2021,Success,Reports\L17110MH1973PLC019786\Charge Documents\Instrument(s) of cre_26_04_2021_26_04_2021_732165.pdf
L17110MH1973PLC019786,Copy(s) of resolutio_23_04_2021_23_04_2021,Success,Reports\L17110MH1973PLC019786\Other eForm Documents\Copy(s) of resolutio_23_04_2021_23_04_2021_254325.pdf
L17110MH1973PLC019786,Form MGT-14_23_04_2021_23_04_2021,Success,Reports\L17110MH1973PLC019786\Other eForm Documents\Form MGT-14_23_04_2021_23_04_2021_174053.pdf
L17110MH1973PLC019786,Copy(s) of resolutio_15_02_2021_15_02_2021,Success,Reports\L17110MH1973PLC019786\Other eForm Documents\Copy(s) of resolutio_15_02_2021_15_02_2021_381011.pdf
L17110MH1973PLC019786,Instrument(s) of cre_30_12_2020_30_12_2020,Success,Reports\L17110MH1973PLC019786\Charge Documents\Instrument(s) of cre_30_12_2020_30_12_2020_213917.pdf
L17110MH1973PLC019786,Instrument(s) of cre_29_12_2020_29_12_2020,Success,Reports\L17110MH1973PLC019786\Charge Documents\Instrument(s) of cre_29_12_2020_29_12_2020_139533.pdf
L17110MH1973PLC019786,CERTIFICATE OF REGIS_29_12_2020_29_12_2020,Success,Reports\L17110MH1973PLC019786\Certificates\CERTIFICATE OF REGIS_29_12_2020_29_12_2020_181388.pdf
L17110MH1973PLC019786,Copy(s) of resolutio_25_12_2020_25_12_2020,Success,Reports\L17110MH1973PLC019786\Other eForm Documents\Copy(s) of resolutio_25_12_2020_25_12_2020_564818.pdf
L17110MH1973PLC019786,Form MGT-14_25_12_2020_25_12_2020,Success,Reports\L17110MH1973PLC019786\Other eForm Documents\Form MGT-14_25_12_2020_25_12_2020_121855.pdf
L17110MH1973PLC019786,Instrument(s) of cre_21_12_2020_21_12_2020,Success,Reports\L17110MH1973PLC019786\Charge Documents\Instrument(s) of cre_21_12_2020_21_12_2020_174102.pdf
L17110MH1973PLC019786,Letter of the charge_16_12_2020_16_12_2020,Success,Reports\L17110MH1973PLC019786\Charge Documents\Letter of the charge_16_12_2020_16_12_2020_242367.pdf
L17110MH1973PLC019786,Form CHG-4_16_12_2020_16_12_2020,Success,Reports\L17110MH1973PLC019786\Charge Documents\Form CHG-4_16_12_2020_16_12_2020_231839.pdf
L17110MH1973PLC019786,CERTIFICATE OF SATIS_16_12_2020_16_12_2020,Success,Reports\L17110MH1973PLC019786\Certificates\CERTIFICATE OF SATIS_16_12_2020_16_12_2020_263855.pdf
L17110MH1973PLC019786,Copy(s) of resolutio_27_11_2020_27_11_2020,Success,Reports\L17110MH1973PLC019786\Other eForm Documents\Copy(s) of resolutio_27_11_2020_27_11_2020_974715.pdf
L17110MH1973PLC019786,Form MGT-14_27_11_2020_27_11_2020,Success,Reports\L17110MH1973PLC019786\Other eForm Documents\Form MGT-14_27_11_2020_27_11_2020_772932.pdf
L17110MH1973PLC019786,Instrument(s) of cre_12_10_2020_12_10_2020,Success,Reports\L17110MH1973PLC019786\Charge Documents\Instrument(s) of cre_12_10_2020_12_10_2020_140700.pdf
L17110MH1973PLC019786,CERTIFICATE OF REGIS_12_10_2020_12_10_2020,Success,Reports\L17110MH1973PLC019786\Certificates\CERTIFICATE OF REGIS_12_10_2020_12_10_2020_126174.pdf
L17110MH1973PLC019786,Instrument(s) of cre_16_09_2020_16_09_2020,Success,Reports\L17110MH1973PLC019786\Charge Documents\Instrument(s) of cre_16_09_2020_16_09_2020_164940.pdf
L17110MH1973PLC019786,CERTIFICATE OF REGIS_16_09_2020_16_09_2020,Success,Reports\L17110MH1973PLC019786\Certificates\CERTIFICATE OF REGIS_16_09_2020_16_09_2020_758572.pdf
L17110MH1973PLC019786,Optional attachment(_31_08_2020_31_08_2020,Success,Reports\L17110MH1973PLC019786\Other eForm Documents\Optional attachment(_31_08_2020_31_08_2020_853770.pdf
L17110MH1973PLC019786,Form MGT-14_31_08_2020_31_08_2020,Success,Reports\L17110MH1973PLC019786\Other eForm Documents\Form MGT-14_31_08_2020_31_08_2020_171269.pdf
L17110MH1973PLC019786,Copy(s) of resolutio_31_08_2020_31_08_2020,Success,Reports\L17110MH1973PLC019786\Other eForm Documents\Copy(s) of resolutio_31_08_2020_31_08_2020_565861.pdf
L17110MH1973PLC019786,CERTIFICATE OF REGIS_27_08_2020_27_08_2020,Success,Reports\L17110MH1973PLC019786\Certificates\CERTIFICATE OF REGIS_27_08_2020_27_08_2020_741218.pdf
L17110MH1973PLC019786,Instrument(s) of cre_27_08_2020_27_08_2020,Success,Reports\L17110MH1973PLC019786\Charge Documents\Instrument(s) of cre_27_08_2020_27_08_2020_246516.pdf
L17110MH1973PLC019786,Copy of court order _21_08_2020_21_08_2020,Success,Reports\L17110MH1973PLC019786\Other eForm Documents\Copy of court order _21_08_2020_21_08_2020_260123.pdf
L17110MH1973PLC019786,Optional attachment(s)- if any_21_08_2020_21_08_2020,Success,Reports\L17110MH1973PLC019786\Other eForm Documents\Optional attachment(s)- if any_21_08_2020_21_08_2020_507278.pdf
L17110MH1973PLC019786,Form INC-28_21_08_2020_21_08_2020,Success,Reports\L17110MH1973PLC019786\Other eForm Documents\Form INC-28_21_08_2020_21_08_2020_555842.pdf
L17110MH1973PLC019786,Letter of the charge_17_08_2020_17_08_2020,Success,Reports\L17110MH1973PLC019786\Charge Documents\Letter of the charge_17_08_2020_17_08_2020_602150.pdf
L17110MH1973PLC019786,CERTIFICATE OF SATIS_17_08_2020_17_08_2020,Success,Reports\L17110MH1973PLC019786\Certificates\CERTIFICATE OF SATIS_17_08_2020_17_08_2020_734570.pdf
L17110MH1973PLC019786,Form CHG-4_17_08_2020_17_08_2020,Success,Reports\L17110MH1973PLC019786\Charge Documents\Form CHG-4_17_08_2020_17_08_2020_273899.pdf
L17110MH1973PLC019786,Instrument of creati_07_08_2020_07_08_2020,Success,Reports\L17110MH1973PLC019786\Charge Documents\Instrument of creati_07_08_2020_07_08_2020_197648.pdf
L17110MH1973PLC019786,CERTIFICATE OF REGIS_07_08_2020_07_08_2020,Success,Reports\L17110MH1973PLC019786\Certificates\CERTIFICATE OF REGIS_07_08_2020_07_08_2020_174874.pdf
L17110MH1973PLC019786,Form CHG-9_07_08_2020_07_08_2020,Success,Reports\L17110MH1973PLC019786\Charge Documents\Form CHG-9_07_08_2020_07_08_2020_964483.pdf
L17110MH1973PLC019786,CERTIFICATE OF REGIS_16_07_2020_16_07_2020,Success,Reports\L17110MH1973PLC019786\Certificates\CERTIFICATE OF REGIS_16_07_2020_16_07_2020_147077.pdf
L17110MH1973PLC019786,Instrument(s) of cre_16_07_2020_16_07_2020,Success,Reports\L17110MH1973PLC019786\Charge Documents\Instrument(s) of cre_16_07_2020_16_07_2020_395399.pdf
L17110MH1973PLC019786,Copy(s) of resolutio_02_07_2020_02_07_2020,Success,Reports\L17110MH1973PLC019786\Other eForm Documents\Copy(s) of resolutio_02_07_2020_02_07_2020_690407.pdf
L17110MH1973PLC019786,Form MGT-14_02_07_2020_02_07_2020,Success,Reports\L17110MH1973PLC019786\Other eForm Documents\Form MGT-14_02_07_2020_02_07_2020_140232.pdf
L17110MH1973PLC019786,Form DPT-3_30_06_2020_30_06_2020,Success,Reports\L17110MH1973PLC019786\Other eForm Documents\Form DPT-3_30_06_2020_30_06_2020_141547.pdf
L17110MH1973PLC019786,Copy of the resoluti_24_06_2020_24_06_2020,Success,Reports\L17110MH1973PLC019786\Charge Documents\Copy of the resoluti_24_06_2020_24_06_2020_853942.pdf
L17110MH1973PLC019786,Optional Attachment-(1)_24_06_2020_24_06_2020,Success,Reports\L17110MH1973PLC019786\Charge Documents\Optional Attachment-(1)_24_06_2020_24_06_2020_169312.pdf
L17110MH1973PLC019786,Optional Attachment-(1)_24_06_2020_24_06_2020,Success,Reports\L17110MH1973PLC019786\Charge Documents\Optional Attachment-(1)_24_06_2020_24_06_2020_145216.pdf
L17110MH1973PLC019786,CERTIFICATE OF REGIS_24_06_2020_24_06_2020,Success,Reports\L17110MH1973PLC019786\Certificates\CERTIFICATE OF REGIS_24_06_2020_24_06_2020_241537.pdf
L17110MH1973PLC019786,CERTIFICATE OF REGIS_24_06_2020_24_06_2020,Success,Reports\L17110MH1973PLC019786\Certificates\CERTIFICATE OF REGIS_24_06_2020_24_06_2020_287802.pdf
L17110MH1973PLC019786,CERTIFICATE OF REGIS_24_06_2020_24_06_2020,Success,Reports\L17110MH1973PLC019786\Certificates\CERTIFICATE OF REGIS_24_06_2020_24_06_2020_151941.pdf
L17110MH1973PLC019786,CERTIFICATE OF REGIS_24_06_2020_24_06_2020,Success,Reports\L17110MH1973PLC019786\Certificates\CERTIFICATE OF REGIS_24_06_2020_24_06_2020_994523.pdf
L17110MH1973PLC019786,CERTIFICATE OF REGIS_24_06_2020_24_06_2020,Success,Reports\L17110MH1973PLC019786\Certificates\CERTIFICATE OF REGIS_24_06_2020_24_06_2020_216536.pdf
L17110MH1973PLC019786,CERTIFICATE OF REGIS_24_06_2020_24_06_2020,Success,Reports\L17110MH1973PLC019786\Certificates\CERTIFICATE OF REGIS_24_06_2020_24_06_2020_200804.pdf
L17110MH1973PLC019786,CERTIFICATE OF REGIS_24_06_2020_24_06_2020,Success,Reports\L17110MH1973PLC019786\Certificates\CERTIFICATE OF REGIS_24_06_2020_24_06_2020_685905.pdf
L17110MH1973PLC019786,Instrument of creati_24_06_2020_24_06_2020,Success,Reports\L17110MH1973PLC019786\Charge Documents\Instrument of creati_24_06_2020_24_06_2020_662211.pdf
L17110MH1973PLC019786,Instrument of creati_24_06_2020_24_06_2020,Success,Reports\L17110MH1973PLC019786\Charge Documents\Instrument of creati_24_06_2020_24_06_2020_100562.pdf
L17110MH1973PLC019786,Instrument of creati_24_06_2020_24_06_2020,Success,Reports\L17110MH1973PLC019786\Charge Documents\Instrument of creati_24_06_2020_24_06_2020_114957.pdf
L17110MH1973PLC019786,Instrument of creati_24_06_2020_24_06_2020,Success,Reports\L17110MH1973PLC019786\Charge Documents\Instrument of creati_24_06_2020_24_06_2020_669398.pdf
L17110MH1973PLC019786,Instrument of creati_24_06_2020_24_06_2020,Success,Reports\L17110MH1973PLC019786\Charge Documents\Instrument of creati_24_06_2020_24_06_2020_489574.pdf
L17110MH1973PLC019786,Instrument of creati_24_06_2020_24_06_2020,Success,Reports\L17110MH1973PLC019786\Charge Documents\Instrument of creati_24_06_2020_24_06_2020_672981.pdf
L17110MH1973PLC019786,Instrument of creati_24_06_2020_24_06_2020,Success,Reports\L17110MH1973PLC019786\Charge Documents\Instrument of creati_24_06_2020_24_06_2020_142132.pdf
L17110MH1973PLC019786,Copy of the resoluti_24_06_2020_24_06_2020,Success,Reports\L17110MH1973PLC019786\Charge Documents\Copy of the resoluti_24_06_2020_24_06_2020_179069.pdf
L17110MH1973PLC019786,Copy of the resoluti_24_06_2020_24_06_2020,Success,Reports\L17110MH1973PLC019786\Charge Documents\Copy of the resoluti_24_06_2020_24_06_2020_164739.pdf
L17110MH1973PLC019786,Copy of the resoluti_24_06_2020_24_06_2020,Success,Reports\L17110MH1973PLC019786\Charge Documents\Copy of the resoluti_24_06_2020_24_06_2020_207895.pdf
L17110MH1973PLC019786,Copy of the resoluti_24_06_2020_24_06_2020,Success,Reports\L17110MH1973PLC019786\Charge Documents\Copy of the resoluti_24_06_2020_24_06_2020_277482.pdf
L17110MH1973PLC019786,Copy of the resoluti_24_06_2020_24_06_2020,Success,Reports\L17110MH1973PLC019786\Charge Documents\Copy of the resoluti_24_06_2020_24_06_2020_508745.pdf
L17110MH1973PLC019786,Copy of the resoluti_24_06_2020_24_06_2020,Success,Reports\L17110MH1973PLC019786\Charge Documents\Copy of the resoluti_24_06_2020_24_06_2020_194292.pdf
L17110MH1973PLC019786,Form CHG-9_24_06_2020_24_06_2020,Success,Reports\L17110MH1973PLC019786\Charge Documents\Form CHG-9_24_06_2020_24_06_2020_799464.pdf
L17110MH1973PLC019786,Form CHG-9_24_06_2020_24_06_2020,Success,Reports\L17110MH1973PLC019786\Charge Documents\Form CHG-9_24_06_2020_24_06_2020_198306.pdf
L17110MH1973PLC019786,Form CHG-9_24_06_2020_24_06_2020,Success,Reports\L17110MH1973PLC019786\Charge Documents\Form CHG-9_24_06_2020_24_06_2020_773418.pdf
L17110MH1973PLC019786,Form CHG-9_24_06_2020_24_06_2020,Success,Reports\L17110MH1973PLC019786\Charge Documents\Form CHG-9_24_06_2020_24_06_2020_178553.pdf
L17110MH1973PLC019786,Form CHG-9_24_06_2020_24_06_2020,Success,Reports\L17110MH1973PLC019786\Charge Documents\Form CHG-9_24_06_2020_24_06_2020_247619.pdf
L17110MH1973PLC019786,Form CHG-9_24_06_2020_24_06_2020,Success,Reports\L17110MH1973PLC019786\Charge Documents\Form CHG-9_24_06_2020_24_06_2020_131838.pdf
L17110MH1973PLC019786,Form CHG-9_24_06_2020_24_06_2020,Success,Reports\L17110MH1973PLC019786\Charge Documents\Form CHG-9_24_06_2020_24_06_2020_235552.pdf
L17110MH1973PLC019786,Optional Attachment-(1)_24_06_2020_24_06_2020,Success,Reports\L17110MH1973PLC019786\Charge Documents\Optional Attachment-(1)_24_06_2020_24_06_2020_251702.pdf
L17110MH1973PLC019786,Optional Attachment-(1)_24_06_2020_24_06_2020,Success,Reports\L17110MH1973PLC019786\Charge Documents\Optional Attachment-(1)_24_06_2020_24_06_2020_240390.pdf
L17110MH1973PLC019786,Optional Attachment-(1)_24_06_2020_24_06_2020,Success,Reports\L17110MH1973PLC019786\Charge Documents\Optional Attachment-(1)_24_06_2020_24_06_2020_141976.pdf
L17110MH1973PLC019786,Optional Attachment-(1)_24_06_2020_24_06_2020,Success,Reports\L17110MH1973PLC019786\Charge Documents\Optional Attachment-(1)_24_06_2020_24_06_2020_162844.pdf
L17110MH1973PLC019786,Optional Attachment-(1)_24_06_2020_24_06_2020,Success,Reports\L17110MH1973PLC019786\Charge Documents\Optional Attachment-(1)_24_06_2020_24_06_2020_305289.pdf
L17110MH1973PLC019786,Form CHG-4_19_06_2020_19_06_2020,Success,Reports\L17110MH1973PLC019786\Charge Documents\Form CHG-4_19_06_2020_19_06_2020_674860.pdf
L17110MH1973PLC019786,Letter of the charge_19_06_2020_19_06_2020,Success,Reports\L17110MH1973PLC019786\Charge Documents\Letter of the charge_19_06_2020_19_06_2020_728431.pdf
L17110MH1973PLC019786,CERTIFICATE OF SATIS_19_06_2020_19_06_2020,Success,Reports\L17110MH1973PLC019786\Certificates\CERTIFICATE OF SATIS_19_06_2020_19_06_2020_214465.pdf
L17110MH1973PLC019786,Copy(s) of resolutio_01_05_2020_01_05_2020,Success,Reports\L17110MH1973PLC019786\Other eForm Documents\Copy(s) of resolutio_01_05_2020_01_05_2020_333174.pdf
L17110MH1973PLC019786,Form MGT-14_01_05_2020_01_05_2020,Success,Reports\L17110MH1973PLC019786\Other eForm Documents\Form MGT-14_01_05_2020_01_05_2020_122411.pdf
L17110MH1973PLC019786,Form MGT-14_14_04_2020_14_04_2020,Success,Reports\L17110MH1973PLC019786\Other eForm Documents\Form MGT-14_14_04_2020_14_04_2020_540319.pdf
L17110MH1973PLC019786,Copy(s) of resolutio_14_04_2020_14_04_2020,Success,Reports\L17110MH1973PLC019786\Other eForm Documents\Copy(s) of resolutio_14_04_2020_14_04_2020_259820.pdf
L17110MH1973PLC019786,Form MGT-14_17_03_2020_17_03_2020,Success,Reports\L17110MH1973PLC019786\Other eForm Documents\Form MGT-14_17_03_2020_17_03_2020_258377.pdf
L17110MH1973PLC019786,Copy(s) of resolutio_17_03_2020_17_03_2020,Success,Reports\L17110MH1973PLC019786\Other eForm Documents\Copy(s) of resolutio_17_03_2020_17_03_2020_233451.pdf
L17110MH1973PLC019786,Copy(s) of resolutio_14_02_2020_14_02_2020,Success,Reports\L17110MH1973PLC019786\Other eForm Documents\Copy(s) of resolutio_14_02_2020_14_02_2020_611033.pdf
L17110MH1973PLC019786,Form MGT-14_14_02_2020_14_02_2020,Success,Reports\L17110MH1973PLC019786\Other eForm Documents\Form MGT-14_14_02_2020_14_02_2020_148601.pdf
L17110MH1973PLC019786,Form MGT-14_14_01_2020_14_01_2020,Success,Reports\L17110MH1973PLC019786\Other eForm Documents\Form MGT-14_14_01_2020_14_01_2020_301378.pdf
L17110MH1973PLC019786,Copy(s) of resolutio_14_01_2020_14_01_2020,Success,Reports\L17110MH1973PLC019786\Other eForm Documents\Copy(s) of resolutio_14_01_2020_14_01_2020_432702.pdf
L17110MH1973PLC019786,Copy(s) of resolutio_21_11_2019_21_11_2019,Success,Reports\L17110MH1973PLC019786\Other eForm Documents\Copy(s) of resolutio_21_11_2019_21_11_2019_331662.pdf
L17110MH1973PLC019786,Form MGT-14_21_11_2019_21_11_2019,Success,Reports\L17110MH1973PLC019786\Other eForm Documents\Form MGT-14_21_11_2019_21_11_2019_112272.pdf
L17110MH1973PLC019786,Copy(s) of resolutio_04_11_2019_04_11_2019,Success,Reports\L17110MH1973PLC019786\Other eForm Documents\Copy(s) of resolutio_04_11_2019_04_11_2019_195344.pdf
L17110MH1973PLC019786,Form MGT-14_04_11_2019_04_11_2019,Success,Reports\L17110MH1973PLC019786\Other eForm Documents\Form MGT-14_04_11_2019_04_11_2019_113211.pdf
L17110MH1973PLC019786,Form MGT-14_06_09_2019_06_09_2019,Success,Reports\L17110MH1973PLC019786\Other eForm Documents\Form MGT-14_06_09_2019_06_09_2019_115164.pdf
L17110MH1973PLC019786,Copy(s) of resolutio_06_09_2019_06_09_2019,Success,Reports\L17110MH1973PLC019786\Other eForm Documents\Copy(s) of resolutio_06_09_2019_06_09_2019_144298.pdf
L17110MH1973PLC019786,Copy(s) of resolutio_15_08_2019_15_08_2019,Success,Reports\L17110MH1973PLC019786\Other eForm Documents\Copy(s) of resolutio_15_08_2019_15_08_2019_217398.pdf
L17110MH1973PLC019786,Form MGT-14_15_08_2019_15_08_2019,Success,Reports\L17110MH1973PLC019786\Other eForm Documents\Form MGT-14_15_08_2019_15_08_2019_106468.pdf
L17110MH1973PLC019786,Form DPT-3_30_06_2019_30_06_2019,Success,Reports\L17110MH1973PLC019786\Other eForm Documents\Form DPT-3_30_06_2019_30_06_2019_130666.pdf
L17110MH1973PLC019786,Form DPT-3_30_06_2019_30_06_2019,Success,Reports\L17110MH1973PLC019786\Other eForm Documents\Form DPT-3_30_06_2019_30_06_2019_861666.pdf
L17110MH1973PLC019786,Copy(s) of resolutio_16_05_2019_16_05_2019,Success,Reports\L17110MH1973PLC019786\Other eForm Documents\Copy(s) of resolutio_16_05_2019_16_05_2019_227605.pdf
L17110MH1973PLC019786,Form MGT-14_16_05_2019_16_05_2019,Success,Reports\L17110MH1973PLC019786\Other eForm Documents\Form MGT-14_16_05_2019_16_05_2019_244637.pdf
L17110MH1973PLC019786,Optional attachment(s)- if any_15_05_2019_15_05_2019,Success,Reports\L17110MH1973PLC019786\Other eForm Documents\Optional attachment(s)- if any_15_05_2019_15_05_2019_302821.pdf
L17110MH1973PLC019786,Form GNL-2_15_05_2019_15_05_2019,Success,Reports\L17110MH1973PLC019786\Other eForm Documents\Form GNL-2_15_05_2019_15_05_2019_207738.pdf
L17110MH1973PLC019786,Form MGT-14_24_04_2019_24_04_2019,Success,Reports\L17110MH1973PLC019786\Other eForm Documents\Form MGT-14_24_04_2019_24_04_2019_141547.pdf
L17110MH1973PLC019786,Copy(s) of resolutio_24_04_2019_24_04_2019,Success,Reports\L17110MH1973PLC019786\Other eForm Documents\Copy(s) of resolutio_24_04_2019_24_04_2019_269750.pdf
L17110MH1973PLC019786,CERTIFICATE OF SATIS_15_03_2019_15_03_2019,Success,Reports\L17110MH1973PLC019786\Certificates\CERTIFICATE OF SATIS_15_03_2019_15_03_2019_191888.pdf
L17110MH1973PLC019786,Letter of the charge_15_03_2019_15_03_2019,Success,Reports\L17110MH1973PLC019786\Charge Documents\Letter of the charge_15_03_2019_15_03_2019_143095.pdf
L17110MH1973PLC019786,Form CHG-4_15_03_2019_15_03_2019,Success,Reports\L17110MH1973PLC019786\Charge Documents\Form CHG-4_15_03_2019_15_03_2019_803284.pdf
L17110MH1973PLC019786,Form MGT-14_16_02_2019_16_02_2019,Success,Reports\L17110MH1973PLC019786\Other eForm Documents\Form MGT-14_16_02_2019_16_02_2019_501579.pdf
L17110MH1973PLC019786,CERTIFICATE OF SATIS_31_12_2018_31_12_2018,Success,Reports\L17110MH1973PLC019786\Certificates\CERTIFICATE OF SATIS_31_12_2018_31_12_2018_956794.pdf
L17110MH1973PLC019786,Form CHG-4_31_12_2018_31_12_2018,Success,Reports\L17110MH1973PLC019786\Charge Documents\Form CHG-4_31_12_2018_31_12_2018_141948.pdf
L17110MH1973PLC019786,Letter of the charge_31_12_2018_31_12_2018,Success,Reports\L17110MH1973PLC019786\Charge Documents\Letter of the charge_31_12_2018_31_12_2018_427792.pdf
L17110MH1973PLC019786,Form MGT-14_15_11_2018_15_11_2018,Success,Reports\L17110MH1973PLC019786\Other eForm Documents\Form MGT-14_15_11_2018_15_11_2018_795327.pdf
L17110MH1973PLC019786,Copy(s) of resolutio_15_11_2018_15_11_2018,Success,Reports\L17110MH1973PLC019786\Other eForm Documents\Copy(s) of resolutio_15_11_2018_15_11_2018_629453.pdf
L17110MH1973PLC019786,Copy(s) of resolutio_22_08_2018_22_08_2018,Success,Reports\L17110MH1973PLC019786\Other eForm Documents\Copy(s) of resolutio_22_08_2018_22_08_2018_407739.pdf
L17110MH1973PLC019786,Form MGT-14_22_08_2018_22_08_2018,Success,Reports\L17110MH1973PLC019786\Other eForm Documents\Form MGT-14_22_08_2018_22_08_2018_104747.pdf
L17110MH1973PLC019786,Copy(s) of resolutio_19_07_2018_19_07_2018,Success,Reports\L17110MH1973PLC019786\Other eForm Documents\Copy(s) of resolutio_19_07_2018_19_07_2018_759276.pdf
L17110MH1973PLC019786,Form MGT-14_19_07_2018_19_07_2018,Success,Reports\L17110MH1973PLC019786\Other eForm Documents\Form MGT-14_19_07_2018_19_07_2018_144410.pdf
L17110MH1973PLC019786,Copy(s) of resolutio_17_07_2018_17_07_2018,Success,Reports\L17110MH1973PLC019786\Other eForm Documents\Copy(s) of resolutio_17_07_2018_17_07_2018_206619.pdf
L17110MH1973PLC019786,Form MGT-14_17_07_2018_17_07_2018,Success,Reports\L17110MH1973PLC019786\Other eForm Documents\Form MGT-14_17_07_2018_17_07_2018_257583.pdf
L17110MH1973PLC019786,Form MGT-14_23_05_2018_23_05_2018,Success,Reports\L17110MH1973PLC019786\Other eForm Documents\Form MGT-14_23_05_2018_23_05_2018_151035.pdf
L17110MH1973PLC019786,Copy(s) of resolutio_23_05_2018_23_05_2018,Success,Reports\L17110MH1973PLC019786\Other eForm Documents\Copy(s) of resolutio_23_05_2018_23_05_2018_272276.pdf
L17110MH1973PLC019786,Copy(s) of resolutio_20_04_2018_20_04_2018,Success,Reports\L17110MH1973PLC019786\Other eForm Documents\Copy(s) of resolutio_20_04_2018_20_04_2018_974857.pdf
L17110MH1973PLC019786,Form MGT-14_20_04_2018_20_04_2018,Success,Reports\L17110MH1973PLC019786\Other eForm Documents\Form MGT-14_20_04_2018_20_04_2018_226180.pdf
L17110MH1973PLC019786,Form MGT-14_12_02_2018_12_02_2018,Success,Reports\L17110MH1973PLC019786\Other eForm Documents\Form MGT-14_12_02_2018_12_02_2018_234432.pdf
L17110MH1973PLC019786,Copy(s) of resolutio_12_02_2018_12_02_2018,Success,Reports\L17110MH1973PLC019786\Other eForm Documents\Copy(s) of resolutio_12_02_2018_12_02_2018_132389.pdf
L17110MH1973PLC019786,Private placement of_07_12_2017_07_12_2017,Success,Reports\L17110MH1973PLC019786\Other eForm Documents\Private placement of_07_12_2017_07_12_2017_134332.pdf
L17110MH1973PLC019786,Form GNL-2_07_12_2017_07_12_2017,Success,Reports\L17110MH1973PLC019786\Other eForm Documents\Form GNL-2_07_12_2017_07_12_2017_169916.pdf
L17110MH1973PLC019786,Private placement of_07_12_2017_07_12_2017,Success,Reports\L17110MH1973PLC019786\Other eForm Documents\Private placement of_07_12_2017_07_12_2017_537148.pdf
L17110MH1973PLC019786,Private placement of_07_12_2017_07_12_2017,Success,Reports\L17110MH1973PLC019786\Other eForm Documents\Private placement of_07_12_2017_07_12_2017_258643.pdf
L17110MH1973PLC019786,Form GNL-2_07_12_2017_07_12_2017,Success,Reports\L17110MH1973PLC019786\Other eForm Documents\Form GNL-2_07_12_2017_07_12_2017_117009.pdf
L17110MH1973PLC019786,Form GNL-2_07_12_2017_07_12_2017,Success,Reports\L17110MH1973PLC019786\Other eForm Documents\Form GNL-2_07_12_2017_07_12_2017_205854.pdf
L17110MH1973PLC019786,Optional attachment(s)- if any_07_12_2017_07_12_2017,Success,Reports\L17110MH1973PLC019786\Other eForm Documents\Optional attachment(s)- if any_07_12_2017_07_12_2017_168863.pdf
L17110MH1973PLC019786,Optional attachment(s)- if any_07_12_2017_07_12_2017,Success,Reports\L17110MH1973PLC019786\Other eForm Documents\Optional attachment(s)- if any_07_12_2017_07_12_2017_142853.pdf
L17110MH1973PLC019786,Optional attachment(s)- if any_07_12_2017_07_12_2017,Success,Reports\L17110MH1973PLC019786\Other eForm Documents\Optional attachment(s)- if any_07_12_2017_07_12_2017_270013.pdf
L17110MH1973PLC019786,Optional attachment(s)- if any_07_12_2017_07_12_2017,Success,Reports\L17110MH1973PLC019786\Other eForm Documents\Optional attachment(s)- if any_07_12_2017_07_12_2017_174317.pdf
L17110MH1973PLC019786,Optional attachment(s)- if any_07_12_2017_07_12_2017,Success,Reports\L17110MH1973PLC019786\Other eForm Documents\Optional attachment(s)- if any_07_12_2017_07_12_2017_650195.pdf
L17110MH1973PLC019786,Optional attachment(s)- if any_07_12_2017_07_12_2017,Success,Reports\L17110MH1973PLC019786\Other eForm Documents\Optional attachment(s)- if any_07_12_2017_07_12_2017_976644.pdf
L17110MH1973PLC019786,Optional attachment(s)- if any_07_12_2017_07_12_2017,Success,Reports\L17110MH1973PLC019786\Other eForm Documents\Optional attachment(s)- if any_07_12_2017_07_12_2017_153730.pdf
L17110MH1973PLC019786,Optional attachment(s)- if any_07_12_2017_07_12_2017,Success,Reports\L17110MH1973PLC019786\Other eForm Documents\Optional attachment(s)- if any_07_12_2017_07_12_2017_141495.pdf
L17110MH1973PLC019786,Optional attachment(s)- if any_07_12_2017_07_12_2017,Success,Reports\L17110MH1973PLC019786\Other eForm Documents\Optional attachment(s)- if any_07_12_2017_07_12_2017_258966.pdf
L17110MH1973PLC019786,Copy(s) of resolutio_07_11_2017_07_11_2017,Success,Reports\L17110MH1973PLC019786\Other eForm Documents\Copy(s) of resolutio_07_11_2017_07_11_2017_856042.pdf
L17110MH1973PLC019786,Form MGT-14_07_11_2017_07_11_2017,Success,Reports\L17110MH1973PLC019786\Other eForm Documents\Form MGT-14_07_11_2017_07_11_2017_193601.pdf
L17110MH1973PLC019786,Form GNL-2_01_11_2017_01_11_2017,Success,Reports\L17110MH1973PLC019786\Other eForm Documents\Form GNL-2_01_11_2017_01_11_2017_263125.pdf
L17110MH1973PLC019786,Private placement of_22_09_2017_22_09_2017,Success,Reports\L17110MH1973PLC019786\Other eForm Documents\Private placement of_22_09_2017_22_09_2017_218949.pdf
L17110MH1973PLC019786,Optional attachment(s)- if any_22_09_2017_22_09_2017,Success,Reports\L17110MH1973PLC019786\Other eForm Documents\Optional attachment(s)- if any_22_09_2017_22_09_2017_799210.pdf
L17110MH1973PLC019786,Optional attachment(s)- if any_22_09_2017_22_09_2017,Success,Reports\L17110MH1973PLC019786\Other eForm Documents\Optional attachment(s)- if any_22_09_2017_22_09_2017_131219.pdf
L17110MH1973PLC019786,Optional attachment(s)- if any_22_09_2017_22_09_2017,Success,Reports\L17110MH1973PLC019786\Other eForm Documents\Optional attachment(s)- if any_22_09_2017_22_09_2017_134374.pdf
L17110MH1973PLC019786,Optional attachment(s)- if any_22_09_2017_22_09_2017,Success,Reports\L17110MH1973PLC019786\Other eForm Documents\Optional attachment(s)- if any_22_09_2017_22_09_2017_267566.pdf
L17110MH1973PLC019786,Optional attachment(s)- if any_22_09_2017_22_09_2017,Success,Reports\L17110MH1973PLC019786\Other eForm Documents\Optional attachment(s)- if any_22_09_2017_22_09_2017_923431.pdf
L17110MH1973PLC019786,Optional attachment(s)- if any_22_09_2017_22_09_2017,Success,Reports\L17110MH1973PLC019786\Other eForm Documents\Optional attachment(s)- if any_22_09_2017_22_09_2017_457097.pdf
L17110MH1973PLC019786,Optional attachment(s)- if any_22_09_2017_22_09_2017,Success,Reports\L17110MH1973PLC019786\Other eForm Documents\Optional attachment(s)- if any_22_09_2017_22_09_2017_994307.pdf
L17110MH1973PLC019786,Optional attachment(s)- if any_22_09_2017_22_09_2017,Success,Reports\L17110MH1973PLC019786\Other eForm Documents\Optional attachment(s)- if any_22_09_2017_22_09_2017_242272.pdf
L17110MH1973PLC019786,Private placement of_22_09_2017_22_09_2017,Success,Reports\L17110MH1973PLC019786\Other eForm Documents\Private placement of_22_09_2017_22_09_2017_186441.pdf
L17110MH1973PLC019786,Form GNL-2_22_09_2017_22_09_2017,Success,Reports\L17110MH1973PLC019786\Other eForm Documents\Form GNL-2_22_09_2017_22_09_2017_156117.pdf
L17110MH1973PLC019786,Form GNL-2_22_09_2017_22_09_2017,Success,Reports\L17110MH1973PLC019786\Other eForm Documents\Form GNL-2_22_09_2017_22_09_2017_215737.pdf
L17110MH1973PLC019786,Form GNL-2_22_09_2017_22_09_2017,Success,Reports\L17110MH1973PLC019786\Other eForm Documents\Form GNL-2_22_09_2017_22_09_2017_923077.pdf
L17110MH1973PLC019786,Optional attachment(s)- if any_22_09_2017_22_09_2017,Success,Reports\L17110MH1973PLC019786\Other eForm Documents\Optional attachment(s)- if any_22_09_2017_22_09_2017_166019.pdf
L17110MH1973PLC019786,Private placement of_22_09_2017_22_09_2017,Success,Reports\L17110MH1973PLC019786\Other eForm Documents\Private placement of_22_09_2017_22_09_2017_102715.pdf
L17110MH1973PLC019786,Form MGT-14_16_09_2017_16_09_2017,Success,Reports\L17110MH1973PLC019786\Other eForm Documents\Form MGT-14_16_09_2017_16_09_2017_814789.pdf
L17110MH1973PLC019786,Copy(s) of resolutio_16_09_2017_16_09_2017,Success,Reports\L17110MH1973PLC019786\Other eForm Documents\Copy(s) of resolutio_16_09_2017_16_09_2017_268498.pdf
L17110MH1973PLC019786,Copy(s) of resolutio_18_08_2017_18_08_2017,Success,Reports\L17110MH1973PLC019786\Other eForm Documents\Copy(s) of resolutio_18_08_2017_18_08_2017_143932.pdf
L17110MH1973PLC019786,Copy(s) of resolutio_18_08_2017_18_08_2017,Success,Reports\L17110MH1973PLC019786\Other eForm Documents\Copy(s) of resolutio_18_08_2017_18_08_2017_152728.pdf
L17110MH1973PLC019786,Form MGT-14_18_08_2017_18_08_2017,Success,Reports\L17110MH1973PLC019786\Other eForm Documents\Form MGT-14_18_08_2017_18_08_2017_138952.pdf
L17110MH1973PLC019786,Form MGT-14_18_08_2017_18_08_2017,Success,Reports\L17110MH1973PLC019786\Other eForm Documents\Form MGT-14_18_08_2017_18_08_2017_200373.pdf
L17110MH1973PLC019786,Form MGT-14_10_08_2017_10_08_2017,Success,Reports\L17110MH1973PLC019786\Other eForm Documents\Form MGT-14_10_08_2017_10_08_2017_136728.pdf
L17110MH1973PLC019786,Altered articles of _10_08_2017_10_08_2017,Success,Reports\L17110MH1973PLC019786\Other eForm Documents\Altered articles of _10_08_2017_10_08_2017_489363.pdf
L17110MH1973PLC019786,Copy(s) of resolutio_10_08_2017_10_08_2017,Success,Reports\L17110MH1973PLC019786\Other eForm Documents\Copy(s) of resolutio_10_08_2017_10_08_2017_393225.pdf
L17110MH1973PLC019786,Copy(s) of resolutio_07_08_2017_07_08_2017,Success,Reports\L17110MH1973PLC019786\Other eForm Documents\Copy(s) of resolutio_07_08_2017_07_08_2017_128767.pdf
L17110MH1973PLC019786,Form MGT-14_07_08_2017_07_08_2017,Success,Reports\L17110MH1973PLC019786\Other eForm Documents\Form MGT-14_07_08_2017_07_08_2017_236528.pdf
L17110MH1973PLC019786,Form MGT-14_23_05_2017_23_05_2017,Success,Reports\L17110MH1973PLC019786\Other eForm Documents\Form MGT-14_23_05_2017_23_05_2017_187167.pdf
L17110MH1973PLC019786,Copy(s) of resolutio_23_05_2017_23_05_2017,Success,Reports\L17110MH1973PLC019786\Other eForm Documents\Copy(s) of resolutio_23_05_2017_23_05_2017_898637.pdf
L17110MH1973PLC019786,Copy(s) of resolutio_21_02_2017_21_02_2017,Success,Reports\L17110MH1973PLC019786\Other eForm Documents\Copy(s) of resolutio_21_02_2017_21_02_2017_165270.pdf
L17110MH1973PLC019786,Form MGT-14_21_02_2017_21_02_2017,Success,Reports\L17110MH1973PLC019786\Other eForm Documents\Form MGT-14_21_02_2017_21_02_2017_504425.pdf
L17110MH1973PLC019786,Copy(s) of resolutio_15_02_2017_15_02_2017,Success,Reports\L17110MH1973PLC019786\Other eForm Documents\Copy(s) of resolutio_15_02_2017_15_02_2017_276036.pdf
L17110MH1973PLC019786,Form MGT-14_15_02_2017_15_02_2017,Success,Reports\L17110MH1973PLC019786\Other eForm Documents\Form MGT-14_15_02_2017_15_02_2017_403972.pdf
L17110MH1973PLC019786,Copy(s) of resolutio_08_12_2016_08_12_2016,Success,Reports\L17110MH1973PLC019786\Other eForm Documents\Copy(s) of resolutio_08_12_2016_08_12_2016_196439.pdf
L17110MH1973PLC019786,Form MGT-14_08_12_2016_08_12_2016,Success,Reports\L17110MH1973PLC019786\Other eForm Documents\Form MGT-14_08_12_2016_08_12_2016_244678.pdf
L17110MH1973PLC019786,Form MGT-14_17_11_2016_17_11_2016,Success,Reports\L17110MH1973PLC019786\Other eForm Documents\Form MGT-14_17_11_2016_17_11_2016_265320.pdf
L17110MH1973PLC019786,Copy(s) of resolutio_17_11_2016_17_11_2016,Success,Reports\L17110MH1973PLC019786\Other eForm Documents\Copy(s) of resolutio_17_11_2016_17_11_2016_110502.pdf
L17110MH1973PLC019786,Form MGT-14_27_09_2016_27_09_2016,Success,Reports\L17110MH1973PLC019786\Other eForm Documents\Form MGT-14_27_09_2016_27_09_2016_647886.pdf
L17110MH1973PLC019786,Copy(s) of resolutio_27_09_2016_27_09_2016,Success,Reports\L17110MH1973PLC019786\Other eForm Documents\Copy(s) of resolutio_27_09_2016_27_09_2016_214157.pdf
L17110MH1973PLC019786,Copy(s) of resolutio_12_08_2016_12_08_2016,Success,Reports\L17110MH1973PLC019786\Other eForm Documents\Copy(s) of resolutio_12_08_2016_12_08_2016_777614.pdf
L17110MH1973PLC019786,Form MGT-14_12_08_2016_12_08_2016,Success,Reports\L17110MH1973PLC019786\Other eForm Documents\Form MGT-14_12_08_2016_12_08_2016_187735.pdf
L17110MH1973PLC019786,Form MGT-14_19_05_2016_19_05_2016,Success,Reports\L17110MH1973PLC019786\Other eForm Documents\Form MGT-14_19_05_2016_19_05_2016_235702.pdf
L17110MH1973PLC019786,Copy(s) of resolutio_19_05_2016_19_05_2016,Success,Reports\L17110MH1973PLC019786\Other eForm Documents\Copy(s) of resolutio_19_05_2016_19_05_2016_132438.pdf
L17110MH1973PLC019786,Form MGT-14_07_04_2016_07_04_2016,Success,Reports\L17110MH1973PLC019786\Other eForm Documents\Form MGT-14_07_04_2016_07_04_2016_210724.pdf
L17110MH1973PLC019786,Copy(s) of resolutio_07_04_2016_07_04_2016,Success,Reports\L17110MH1973PLC019786\Other eForm Documents\Copy(s) of resolutio_07_04_2016_07_04_2016_131961.pdf
L17110MH1973PLC019786,Copy(s) of resolutio_07_04_2016_07_04_2016,Success,Reports\L17110MH1973PLC019786\Other eForm Documents\Copy(s) of resolutio_07_04_2016_07_04_2016_701793.pdf
L17110MH1973PLC019786,Optional attachment(s)- if any_02_03_2007_02_03_2007,Success,Reports\L17110MH1973PLC019786\Other eForm Documents\Optional attachment(s)- if any_02_03_2007_02_03_2007_591202.pdf
